nace_code,activity_en,energy_efficiency_pct,fuel_share_pct,electricity_share_pct,heat_share_pct,source,source_url
0,Всего,Total,4.157019001727372,53.201262812176275,41.030358878270306,UzStat — Energy efficiency by economic activity 2024 (preliminary),https://stat.uz/en/official-statistics/energy-efficiency-and-fuel-balance
,из них по отраслям,"of these, by industry",,,,UzStat — Energy efficiency by economic activity 2024 (preliminary),https://stat.uz/en/official-statistics/energy-efficiency-and-fuel-balance
01,"Растениеводство и животноводство, охота и предоставление услуг в этих областях","Crop and livestock production, hunting and service provision in these areas",3.71137475020911,47.071049806472516,47.095297717498624,UzStat — Energy efficiency by economic activity 2024 (preliminary),https://stat.uz/en/official-statistics/energy-efficiency-and-fuel-balance
02,Лесоводство и лесозаготовки,Forestry and logging,1.5980729452658993,3.364042242401402,96.32407756360706,UzStat — Energy efficiency by economic activity 2024 (preliminary),https://stat.uz/en/official-statistics/energy-efficiency-and-fuel-balance
03,Рыболовство и аквакультура,Fisheries and aquaculture,3.819918349810094,17.898602708343766,78.872633371525,UzStat — Energy efficiency by economic activity 2024 (preliminary),https://stat.uz/en/official-statistics/energy-efficiency-and-fuel-balance
05,Добыча угля и лигнита,Mining of coal and lignite,16.40566921589006,79.18984528020228,20.810154719797723,UzStat — Energy efficiency by economic activity 2024 (preliminary),https://stat.uz/en/official-statistics/energy-efficiency-and-fuel-balance
06,Добыча сырой нефти и природного газа,Crude oil and natural gas mining,2.911938881422507,38.37157719151587,42.628575129565746,UzStat — Energy efficiency by economic activity 2024 (preliminary),https://stat.uz/en/official-statistics/energy-efficiency-and-fuel-balance
07,Добыча металлических руд,Mining of metal ores,4.187884430141633,1.1593120096117868,96.00464572715306,UzStat — Energy efficiency by economic activity 2024 (preliminary),https://stat.uz/en/official-statistics/energy-efficiency-and-fuel-balance
08,Прочая деятельность горнодобывающей промышленности,Other mining activities,5.858452671176171,35.95006015879438,62.02336342595171,UzStat — Energy efficiency by economic activity 2024 (preliminary),https://stat.uz/en/official-statistics/energy-efficiency-and-fuel-balance
09,Технические услуги в области горнодобывающей промышленности,Technical services in the mining industry,3.1717337073406453,74.98987410259961,24.958532312231366,UzStat — Energy efficiency by economic activity 2024 (preliminary),https://stat.uz/en/official-statistics/energy-efficiency-and-fuel-balance
10,Производство продуктов питания,Food production,2.0082557036193873,24.940866273037926,72.84751648023041,UzStat — Energy efficiency by economic activity 2024 (preliminary),https://stat.uz/en/official-statistics/energy-efficiency-and-fuel-balance
11,Производство напитков,Beverage production,1.2548842024263243,33.202942686774236,66.26646963496682,UzStat — Energy efficiency by economic activity 2024 (preliminary),https://stat.uz/en/official-statistics/energy-efficiency-and-fuel-balance
12,Производство табачных изделий,Production of tobacco products,0.3638258874997019,12.906103424987528,87.09389657501248,UzStat — Energy efficiency by economic activity 2024 (preliminary),https://stat.uz/en/official-statistics/energy-efficiency-and-fuel-balance
13,Производство текстильных изделий,Production of textile products,4.379013634656434,13.98994664313741,84.34162751421815,UzStat — Energy efficiency by economic activity 2024 (preliminary),https://stat.uz/en/official-statistics/energy-efficiency-and-fuel-balance
14,Производство одежды,Clothing production,1.7922297682484303,20.562665391382705,76.41593571571163,UzStat — Energy efficiency by economic activity 2024 (preliminary),https://stat.uz/en/official-statistics/energy-efficiency-and-fuel-balance
15,Производство кожаной и относящейся к ней продукции,Production of leather and related products,3.5088093584431426,16.128616377493923,81.28961784345773,UzStat — Energy efficiency by economic activity 2024 (preliminary),https://stat.uz/en/official-statistics/energy-efficiency-and-fuel-balance
16,"Производство деревянных и пробковых изделий, (кроме мебели), изделий из соломки и материалов для плетения","Production of wooden and cork products, (except furniture), straw products and plaiting materials",1.478670308890475,32.33543079459208,64.87055580995899,UzStat — Energy efficiency by economic activity 2024 (preliminary),https://stat.uz/en/official-statistics/energy-efficiency-and-fuel-balance
17,Производство бумаги и бумажной продукции,Production of paper and paper products,3.8087219198180153,23.96335652756742,73.92607058340278,UzStat — Energy efficiency by economic activity 2024 (preliminary),https://stat.uz/en/official-statistics/energy-efficiency-and-fuel-balance
18,Печать и воспроизведение записанных материалов,Printing and playback of recorded materials,1.4593228603367707,30.962437193450615,67.8503999840355,UzStat — Energy efficiency by economic activity 2024 (preliminary),https://stat.uz/en/official-statistics/energy-efficiency-and-fuel-balance
19,Производство кокса и продуктов нефтепереработки,Production of coke and refined petroleum products,2.6308338187037728,9.638531330173535,46.07494733414987,UzStat — Energy efficiency by economic activity 2024 (preliminary),https://stat.uz/en/official-statistics/energy-efficiency-and-fuel-balance
20,Производство химической продукции,Chemical production,7.407528117398908,23.70090139613093,73.76802856404603,UzStat — Energy efficiency by economic activity 2024 (preliminary),https://stat.uz/en/official-statistics/energy-efficiency-and-fuel-balance
21,Производство основных фармацевтичес-ких  продуктов и препаратов,Production of basic pharmaceutical products and preparations,3.007045962660281,22.312258475857007,76.02307127884815,UzStat — Energy efficiency by economic activity 2024 (preliminary),https://stat.uz/en/official-statistics/energy-efficiency-and-fuel-balance
22,Производство резиновых и пластмассовых изделий,Production of rubber and plastic products,3.300899489883153,4.537290331892532,94.02067723111128,UzStat — Energy efficiency by economic activity 2024 (preliminary),https://stat.uz/en/official-statistics/energy-efficiency-and-fuel-balance
23,Производство прочей неметаллической минеральной продукции,Production of other non-metallic mineral products,12.642056641522284,42.04379970921953,51.869940123393356,UzStat — Energy efficiency by economic activity 2024 (preliminary),https://stat.uz/en/official-statistics/energy-efficiency-and-fuel-balance
24,Металлургическая промышленность,Metallurgical industry,7.325790797256102,37.28693525564209,62.54430418743928,UzStat — Energy efficiency by economic activity 2024 (preliminary),https://stat.uz/en/official-statistics/energy-efficiency-and-fuel-balance
25,"Производство готовых металлических изделий, кроме машин и оборудования","Production of finished metal products, except machinery and equipment",3.273532504197501,8.354292300773203,90.76297854916612,UzStat — Energy efficiency by economic activity 2024 (preliminary),https://stat.uz/en/official-statistics/energy-efficiency-and-fuel-balance
26,"Производство компьютеров, электронной и оптической продукции","Production of computers, electronic and optical products",0.1775387367052266,24.684441407063975,68.32580889917732,UzStat — Energy efficiency by economic activity 2024 (preliminary),https://stat.uz/en/official-statistics/energy-efficiency-and-fuel-balance
27,Производство электрического оборудования,Production of electrical equipment,1.1798324823607038,8.741529566960635,89.12308960697864,UzStat — Energy efficiency by economic activity 2024 (preliminary),https://stat.uz/en/official-statistics/energy-efficiency-and-fuel-balance
28,"Производство машин и оборудования, не включенных  в другие категории",Production of machinery and equipment not included in other categories,0.6556053285469974,25.700984384650255,70.48142745692148,UzStat — Energy efficiency by economic activity 2024 (preliminary),https://stat.uz/en/official-statistics/energy-efficiency-and-fuel-balance
29,"Производство автотранспортных средств, трейлеров и полуприцепов","Production of motor vehicles, trailers and semi-trailers",0.38551258294380775,25.38456872149621,74.32776656942603,UzStat — Energy efficiency by economic activity 2024 (preliminary),https://stat.uz/en/official-statistics/energy-efficiency-and-fuel-balance
30,Производство прочего транспортного оборудования,Production of other transport equipment,0.6383154109016442,25.021449860075062,74.52806503918794,UzStat — Energy efficiency by economic activity 2024 (preliminary),https://stat.uz/en/official-statistics/energy-efficiency-and-fuel-balance
31,Производство мебели,Furniture production,1.0363630081519173,15.289166158031598,81.98235354013778,UzStat — Energy efficiency by economic activity 2024 (preliminary),https://stat.uz/en/official-statistics/energy-efficiency-and-fuel-balance
32,Производство прочих готовых изделий,Production of other finished products,1.3255196656804058,10.306932807120752,89.45108081935875,UzStat — Energy efficiency by economic activity 2024 (preliminary),https://stat.uz/en/official-statistics/energy-efficiency-and-fuel-balance
33,Ремонт и установка машин и оборудования,Repair and installation of machinery and equipment,1.306705992265756,34.72223253275003,63.97075683528739,UzStat — Energy efficiency by economic activity 2024 (preliminary),https://stat.uz/en/official-statistics/energy-efficiency-and-fuel-balance
35,"Электроснабжение, подача газа, пара и  кондиционирование воздуха","Electricity, gas, steam and air conditioning",41.41815788395257,71.56897406420494,11.16644053011006,UzStat — Energy efficiency by economic activity 2024 (preliminary),https://stat.uz/en/official-statistics/energy-efficiency-and-fuel-balance
36,"Сбор, обработка и распределение воды","Water collection, treatment and distribution",18.59237903229098,5.921978128395621,93.98043064118069,UzStat — Energy efficiency by economic activity 2024 (preliminary),https://stat.uz/en/official-statistics/energy-efficiency-and-fuel-balance
37,Канализационная система,Sewer system,6.049323804266118,67.12681425494871,26.35053179639088,UzStat — Energy efficiency by economic activity 2024 (preliminary),https://stat.uz/en/official-statistics/energy-efficiency-and-fuel-balance
38,"Сбор, обработка, удаление, утилизация отходов","Collection, processing, disposal, disposal of waste",7.032764938995566,80.52943503221158,19.225433564947455,UzStat — Energy efficiency by economic activity 2024 (preliminary),https://stat.uz/en/official-statistics/energy-efficiency-and-fuel-balance
39,Восстановление и прочие услуги в области удаления отходов,Recovery and other waste disposal services,0.7729384601584421,7.502763149340094,92.4972368506599,UzStat — Energy efficiency by economic activity 2024 (preliminary),https://stat.uz/en/official-statistics/energy-efficiency-and-fuel-balance
41,Строительство зданий и сооружений,Construction of buildings and structures,0.7415873833968093,61.52906135942522,36.02764636776565,UzStat — Energy efficiency by economic activity 2024 (preliminary),https://stat.uz/en/official-statistics/energy-efficiency-and-fuel-balance
42,Строительство объектов гражданского назначения,Construction of civil facilities,2.6419259010618465,85.25364299771793,13.163596066020618,UzStat — Energy efficiency by economic activity 2024 (preliminary),https://stat.uz/en/official-statistics/energy-efficiency-and-fuel-balance
43,Специализированные строительные работы,Specialized construction works,1.1109827478898457,77.60910610514078,21.266571475787913,UzStat — Energy efficiency by economic activity 2024 (preliminary),https://stat.uz/en/official-statistics/energy-efficiency-and-fuel-balance
45,Оптовая и розничная торговля автомобилями и мотоциклами и их ремонт,Wholesale and retail trade in cars and motorcycles and their repair,0.382609090426947,28.56602248607651,68.12752489139147,UzStat — Energy efficiency by economic activity 2024 (preliminary),https://stat.uz/en/official-statistics/energy-efficiency-and-fuel-balance
46,"Оптовая торговля, кроме торговли автомобилями и мотоциклами","Wholesale trade, except for trade in cars and motorcycles",0.2014257154603933,45.80879979793891,51.005186939288514,UzStat — Energy efficiency by economic activity 2024 (preliminary),https://stat.uz/en/official-statistics/energy-efficiency-and-fuel-balance
47,"Розничная торговля, кроме торговли автомобилями и мотоциклами","Retail trade, except for trade in cars and motorcycles",1.6657969758063873,39.889434477916254,57.788576345651876,UzStat — Energy efficiency by economic activity 2024 (preliminary),https://stat.uz/en/official-statistics/energy-efficiency-and-fuel-balance
49,Сухопутный и трубопроводный транспорт,Land and pipeline transport,5.5872495624079885,62.00518034710131,37.83382629777203,UzStat — Energy efficiency by economic activity 2024 (preliminary),https://stat.uz/en/official-statistics/energy-efficiency-and-fuel-balance
50,Водный транспорт,Water transport,39.769721270849,100.0,0.0,UzStat — Energy efficiency by economic activity 2024 (preliminary),https://stat.uz/en/official-statistics/energy-efficiency-and-fuel-balance
51,Воздушный транспорт,Air transport,26.945978665654014,99.94652645680753,0.051072670659213656,UzStat — Energy efficiency by economic activity 2024 (preliminary),https://stat.uz/en/official-statistics/energy-efficiency-and-fuel-balance
52,Складское хозяйство и вспомогательная транспортная деятельность,Warehousing and auxiliary transport activities,11.807581330667636,94.36000397836727,5.173056527217459,UzStat — Energy efficiency by economic activity 2024 (preliminary),https://stat.uz/en/official-statistics/energy-efficiency-and-fuel-balance
53,Почтовая и курьерская деятельность,Postal and courier activities,1.5470105404252483,68.40394857155196,28.348102554059864,UzStat — Energy efficiency by economic activity 2024 (preliminary),https://stat.uz/en/official-statistics/energy-efficiency-and-fuel-balance
55,Услуги проживания,Accommodation services,4.853173395464317,12.01339204565047,81.85168224228505,UzStat — Energy efficiency by economic activity 2024 (preliminary),https://stat.uz/en/official-statistics/energy-efficiency-and-fuel-balance
56,Услуги по предоставлению продуктов питания и напитков,Food and beverage service,2.37605352277534,17.3669487367141,80.85949235475216,UzStat — Energy efficiency by economic activity 2024 (preliminary),https://stat.uz/en/official-statistics/energy-efficiency-and-fuel-balance
58,Издательская деятельность,Publishing activities,0.3480725880227961,21.562080426098422,74.66390467976734,UzStat — Energy efficiency by economic activity 2024 (preliminary),https://stat.uz/en/official-statistics/energy-efficiency-and-fuel-balance
59,"Производство кино- видеофильмов,  телевизионных программ, фонограмм и музыкальных записей","Production of movies and videos, television programs, phonograms and musical recordings",0.7741957984213405,4.292058053778988,88.75210100020846,UzStat — Energy efficiency by economic activity 2024 (preliminary),https://stat.uz/en/official-statistics/energy-efficiency-and-fuel-balance
60,Деятельность по созданию программ и телерадиовещание,Programming and broadcasting activities,2.300870987794308,9.385496628006736,90.60884436753061,UzStat — Energy efficiency by economic activity 2024 (preliminary),https://stat.uz/en/official-statistics/energy-efficiency-and-fuel-balance
61,Связь,Communication,2.7530257222927546,15.009273928951108,84.76057929023725,UzStat — Energy efficiency by economic activity 2024 (preliminary),https://stat.uz/en/official-statistics/energy-efficiency-and-fuel-balance
62,"Компьютерное программирование, консультации и другие сопутствующие услуги","Computer programming, consultations and other related services",0.10224282989220082,51.568672416613104,46.856980124132434,UzStat — Energy efficiency by economic activity 2024 (preliminary),https://stat.uz/en/official-statistics/energy-efficiency-and-fuel-balance
63,Деятельность в области информационного обслуживания,Information service activities,0.07749539575611801,25.273133610901894,71.74225645080578,UzStat — Energy efficiency by economic activity 2024 (preliminary),https://stat.uz/en/official-statistics/energy-efficiency-and-fuel-balance
64,"Финансовые услуги, кроме услуг по страхованию и пенсионному обеспечению","Financial services, excluding insurance and pension services",0.1473586025164692,54.14184097430256,44.24901625454034,UzStat — Energy efficiency by economic activity 2024 (preliminary),https://stat.uz/en/official-statistics/energy-efficiency-and-fuel-balance
65,"Страхование, перестрахование и деятельность пенсионных фондов, кроме обязательного социального страхования","Insurance, reinsurance and activities of pension funds, except for compulsory social insurance",0.1483137297210506,6.605944445386751,93.12493286067247,UzStat — Energy efficiency by economic activity 2024 (preliminary),https://stat.uz/en/official-statistics/energy-efficiency-and-fuel-balance
66,Вспомогательная деятельность по предоставлению финансовых услуг и страхования,Auxiliary activities for the provision of financial services and insurance,0.15133623139841923,32.03536982692023,58.91360746165566,UzStat — Energy efficiency by economic activity 2024 (preliminary),https://stat.uz/en/official-statistics/energy-efficiency-and-fuel-balance
68,Операции с недвижимым имуществом,Real estate operations,5.39311100933032,10.448582755311234,87.16632717733899,UzStat — Energy efficiency by economic activity 2024 (preliminary),https://stat.uz/en/official-statistics/energy-efficiency-and-fuel-balance
69,Деятельность в области права и бухгалтерского учета,Activities in the field of law and accounting,0.3318341044073142,29.328696683049714,69.30538170861222,UzStat — Energy efficiency by economic activity 2024 (preliminary),https://stat.uz/en/official-statistics/energy-efficiency-and-fuel-balance
70,Деятельность головных компаний; консультации по вопросам управления,Activities of the head companies; consulting on management issues,17.4609725213448,99.19413508974671,0.7852932132590297,UzStat — Energy efficiency by economic activity 2024 (preliminary),https://stat.uz/en/official-statistics/energy-efficiency-and-fuel-balance
71,"Деятельность в области архитектуры, инженерных изысканий, технических испытаний и анализа","Activities in the field of architecture, engineering surveys, technical testing and analysis",2.531487155109108,81.38877800046349,17.53865620661648,UzStat — Energy efficiency by economic activity 2024 (preliminary),https://stat.uz/en/official-statistics/energy-efficiency-and-fuel-balance
72,Научные исследования и разработки,Scientific research and development,0.9253206511719548,43.16948685443422,54.646309871575816,UzStat — Energy efficiency by economic activity 2024 (preliminary),https://stat.uz/en/official-statistics/energy-efficiency-and-fuel-balance
73,Рекламная деятельность и изучение конъюнктуры рынка,Advertising activities and study of market conditions,0.477432280301208,20.735020966022198,78.57555864326802,UzStat — Energy efficiency by economic activity 2024 (preliminary),https://stat.uz/en/official-statistics/energy-efficiency-and-fuel-balance
74,"Прочая профессиональная, научная и техническая деятельность","Other professional, scientific and technical activities",1.4142747656416523,79.5250773441134,20.187028074210122,UzStat — Energy efficiency by economic activity 2024 (preliminary),https://stat.uz/en/official-statistics/energy-efficiency-and-fuel-balance
75,Ветеринарная деятельность,Veterinary activities,0.6614440026387215,22.060578158869003,75.82858567838714,UzStat — Energy efficiency by economic activity 2024 (preliminary),https://stat.uz/en/official-statistics/energy-efficiency-and-fuel-balance
77,"Аренда, прокат, лизинг","Rent, rental, leasing",1.2910424835239052,82.46677496264854,16.888070941617677,UzStat — Energy efficiency by economic activity 2024 (preliminary),https://stat.uz/en/official-statistics/energy-efficiency-and-fuel-balance
78,Трудоустройство,Employment,0.2530071181389155,24.410203028649722,73.93221384902873,UzStat — Energy efficiency by economic activity 2024 (preliminary),https://stat.uz/en/official-statistics/energy-efficiency-and-fuel-balance
79,"Деятельность туроператоров, турагентов и прочих организаций, предоставляющих услуги в сфере туризма","The activities of tour operators, travel agents and other organizations providing services in tourism",0.4985689104253242,66.42255175001786,31.735752215198215,UzStat — Energy efficiency by economic activity 2024 (preliminary),https://stat.uz/en/official-statistics/energy-efficiency-and-fuel-balance
80,Деятельность по обеспечению безопасности и расследованиям,Security and Investigations Activities,0.10453592065351794,1.3726426354738601,98.62735736452613,UzStat — Energy efficiency by economic activity 2024 (preliminary),https://stat.uz/en/official-statistics/energy-efficiency-and-fuel-balance
81,Деятельность по обслуживанию зданий и благоустройству ландшафта,Service of buildings and landscaping activities,1.9861222684620075,32.18943211241934,65.66301243180537,UzStat — Energy efficiency by economic activity 2024 (preliminary),https://stat.uz/en/official-statistics/energy-efficiency-and-fuel-balance
82,"Деятельность в области административно-управленческого, хозяйственного и прочего вспомогательного обслуживания","Activities in the field of administrative and managerial, economic and other support services",1.0466300276678768,64.60327967217565,33.852276923846794,UzStat — Energy efficiency by economic activity 2024 (preliminary),https://stat.uz/en/official-statistics/energy-efficiency-and-fuel-balance
84,Государственное управление и оборона; обязательное социальное обеспечение,State administration and defense; Mandatory social security,6.131956076472385,20.26712287993893,65.63128664748902,UzStat — Energy efficiency by economic activity 2024 (preliminary),https://stat.uz/en/official-statistics/energy-efficiency-and-fuel-balance
85,Образование,Education,1.108375297771721,25.478179792016974,70.6901528536119,UzStat — Energy efficiency by economic activity 2024 (preliminary),https://stat.uz/en/official-statistics/energy-efficiency-and-fuel-balance
86,Деятельность в области здравоохранения,Health Activities,3.264792307607086,18.239104548702073,77.8538373230081,UzStat — Energy efficiency by economic activity 2024 (preliminary),https://stat.uz/en/official-statistics/energy-efficiency-and-fuel-balance
87,Предоставление ухода с обеспечением проживания,The provision of residential care,7.756265554177477,6.3178260233938595,93.58777777133359,UzStat — Energy efficiency by economic activity 2024 (preliminary),https://stat.uz/en/official-statistics/energy-efficiency-and-fuel-balance
88,Предоставление социальных услуг без обеспечения проживания,Providing social services without ensuring,0.7618939650076203,24.908146408454908,72.64454749915411,UzStat — Energy efficiency by economic activity 2024 (preliminary),https://stat.uz/en/official-statistics/energy-efficiency-and-fuel-balance
90,"Деятельность в области творчества, искусства и развлечений","Activities in the field of creativity, art and entertainment",0.2897818069287572,8.16911424812431,78.34512676456993,UzStat — Energy efficiency by economic activity 2024 (preliminary),https://stat.uz/en/official-statistics/energy-efficiency-and-fuel-balance
91,"Деятельность библиотек, архивов, музеев и других учреждений культуры","The activities of libraries, archives, museums and other cultural institutions",1.6568629858543416,21.938537545993196,68.86800601150478,UzStat — Energy efficiency by economic activity 2024 (preliminary),https://stat.uz/en/official-statistics/energy-efficiency-and-fuel-balance
93,"Деятельность в области спорта, организации отдыха и развлечений","The activities in the field of sports, recreation and entertainment organizations",5.6600798462477915,6.141351846678134,91.92646607888575,UzStat — Energy efficiency by economic activity 2024 (preliminary),https://stat.uz/en/official-statistics/energy-efficiency-and-fuel-balance
94,Деятельность членских организаций,The activities of membership organizations,1.7748807399584867,0.0,100.0,UzStat — Energy efficiency by economic activity 2024 (preliminary),https://stat.uz/en/official-statistics/energy-efficiency-and-fuel-balance
95,"Ремонт компьютеров, предметов личного пользования и бытовых товаров","Repair of computers, personal items and household goods",1.6529639930168987,22.302958501717104,77.23686954605958,UzStat — Energy efficiency by economic activity 2024 (preliminary),https://stat.uz/en/official-statistics/energy-efficiency-and-fuel-balance
96,Предоставление прочих индивидуальных услуг,Providing other individual services,2.3326939301209744,22.075564197021688,74.04212060082506,UzStat — Energy efficiency by economic activity 2024 (preliminary),https://stat.uz/en/official-statistics/energy-efficiency-and-fuel-balance
