id,file,n_rows,n_meta_cols,n_time,t_start,t_end,monthly,uzb,kaz,kgz,tjk,tkm,n_unique_entities,first_entity,error
1105,sdmx_data_1105.csv,228,5,15,2010,2024,False,0,1,1,1,1,228,Cuba,
1141,sdmx_data_1141.csv,1,5,59,2021-M01,2025-M11,True,1,0,0,0,0,1,Republic of Uzbekistan,
1143,sdmx_data_1143.csv,1,5,15,2010,2024,False,1,0,0,0,0,1,Republic of Uzbekistan,
1151,sdmx_data_1151.csv,1,5,15,2010,2024,False,1,0,0,0,0,1,Republic of Uzbekistan,
1166,sdmx_data_1166.csv,1,5,59,2021-M01,2025-M11,True,1,0,0,0,0,1,Republic of Uzbekistan,
1170,sdmx_data_1170.csv,233,5,63,2021-M01,2026-M03,True,0,1,1,1,1,233,Cuba,
1173,sdmx_data_1173.csv,200,5,66,2021-M01,2026-M03,True,0,1,1,1,1,200,Cuba,
1176,sdmx_data_1176.csv,234,5,15,2010,2024,False,0,1,1,1,1,234,Cuba,
1177,sdmx_data_1177.csv,4,5,13,2010,2022,False,0,0,0,0,0,4,Consumer products,
1178,sdmx_data_1178.csv,15,5,15,2010,2024,False,1,0,0,0,0,15,Republic of Uzbekistan,
1180,sdmx_data_1180.csv,15,5,15,2010,2024,False,1,0,0,0,0,15,Republic of Uzbekistan,
1182,sdmx_data_1182.csv,15,5,13,2010,2022,False,1,0,0,0,0,15,Republic of Uzbekistan,
1189,sdmx_data_1189.csv,23,5,13,2010,2022,False,0,0,0,0,0,18,Food and Beverage,
1190,sdmx_data_1190.csv,222,5,13,2013,2025,False,1,0,0,0,0,222,Republic of Uzbekistan,
1191,sdmx_data_1191.csv,222,5,13,2013,2025,False,1,0,0,0,0,222,Republic of Uzbekistan,
1203,sdmx_data_1203.csv,1,5,25,2000,2024,False,1,0,0,0,0,1,Republic of Uzbekistan,
1206,sdmx_data_1206.csv,13,5,16,2010,2025,False,0,0,0,0,0,13,Trade,
1207,sdmx_data_1207.csv,15,5,16,2010,2025,False,1,0,0,0,0,15,Republic of Uzbekistan,
1208,sdmx_data_1208.csv,15,5,16,2010,2025,False,1,0,0,0,0,15,Republic of Uzbekistan,
1210,sdmx_data_1210.csv,15,5,16,2010,2025,False,1,0,0,0,0,15,Republic of Uzbekistan,
1212,sdmx_data_1212.csv,15,5,16,2010,2025,False,1,0,0,0,0,15,Republic of Uzbekistan,
1213,sdmx_data_1213.csv,15,5,16,2010,2025,False,1,0,0,0,0,15,Republic of Uzbekistan,
1214,sdmx_data_1214.csv,15,5,16,2010,2025,False,1,0,0,0,0,15,Republic of Uzbekistan,
1215,sdmx_data_1215.csv,15,5,16,2010,2025,False,1,0,0,0,0,15,Republic of Uzbekistan,
1216,sdmx_data_1216.csv,15,5,16,2010,2025,False,1,0,0,0,0,15,Republic of Uzbekistan,
1217,sdmx_data_1217.csv,15,5,16,2010,2025,False,1,0,0,0,0,15,Republic of Uzbekistan,
1218,sdmx_data_1218.csv,15,5,16,2010,2025,False,1,0,0,0,0,15,Republic of Uzbekistan,
1219,sdmx_data_1219.csv,15,5,16,2010,2025,False,1,0,0,0,0,15,Republic of Uzbekistan,
1220,sdmx_data_1220.csv,15,5,16,2010,2025,False,1,0,0,0,0,15,Republic of Uzbekistan,
1221,sdmx_data_1221.csv,15,5,16,2010,2025,False,1,0,0,0,0,15,Republic of Uzbekistan,
1222,sdmx_data_1222.csv,15,5,16,2010,2025,False,1,0,0,0,0,15,Republic of Uzbekistan,
1223,sdmx_data_1223.csv,15,5,16,2010,2025,False,1,0,0,0,0,15,Republic of Uzbekistan,
1224,sdmx_data_1224.csv,15,5,16,2010,2025,False,1,0,0,0,0,15,Republic of Uzbekistan,
1225,sdmx_data_1225.csv,15,5,16,2010,2025,False,1,0,0,0,0,15,Republic of Uzbekistan,
1226,sdmx_data_1226.csv,15,5,16,2010,2025,False,1,0,0,0,0,15,Republic of Uzbekistan,
1227,sdmx_data_1227.csv,15,5,16,2010,2025,False,1,0,0,0,0,15,Republic of Uzbekistan,
1228,sdmx_data_1228.csv,15,5,16,2010,2025,False,1,0,0,0,0,15,Republic of Uzbekistan,
1229,sdmx_data_1229.csv,15,5,16,2010,2025,False,1,0,0,0,0,15,Republic of Uzbekistan,
1230,sdmx_data_1230.csv,15,5,16,2010,2025,False,1,0,0,0,0,15,Republic of Uzbekistan,
1231,sdmx_data_1231.csv,15,5,16,2010,2025,False,1,0,0,0,0,15,Republic of Uzbekistan,
1232,sdmx_data_1232.csv,15,5,16,2010,2025,False,1,0,0,0,0,15,Republic of Uzbekistan,
1233,sdmx_data_1233.csv,15,5,16,2010,2025,False,1,0,0,0,0,15,Republic of Uzbekistan,
1234,sdmx_data_1234.csv,15,5,16,2010,2025,False,1,0,0,0,0,15,Republic of Uzbekistan,
1235,sdmx_data_1235.csv,15,5,16,2010,2025,False,1,0,0,0,0,15,Republic of Uzbekistan,
1236,sdmx_data_1236.csv,15,5,16,2010,2025,False,1,0,0,0,0,15,Republic of Uzbekistan,
1237,sdmx_data_1237.csv,15,5,16,2010,2025,False,1,0,0,0,0,15,Republic of Uzbekistan,
1238,sdmx_data_1238.csv,15,5,16,2010,2025,False,1,0,0,0,0,15,Republic of Uzbekistan,
1239,sdmx_data_1239.csv,220,5,16,2010,2025,False,1,0,0,0,0,220,Republic of Uzbekistan,
1240,sdmx_data_1240.csv,220,5,16,2010,2025,False,1,0,0,0,0,220,Republic of Uzbekistan,
1242,sdmx_data_1242.csv,221,5,15,2010,2024,False,1,0,0,0,0,221,Republic of Uzbekistan,
1243,sdmx_data_1243.csv,221,5,15,2010,2024,False,1,0,0,0,0,221,Republic of Uzbekistan,
1244,sdmx_data_1244.csv,222,5,15,2010,2024,False,1,0,0,0,0,222,Republic of Uzbekistan,
1245,sdmx_data_1245.csv,221,5,15,2010,2024,False,1,0,0,0,0,221,Republic of Uzbekistan,
1247,sdmx_data_1247.csv,222,5,15,2010,2024,False,1,0,0,0,0,222,Republic of Uzbekistan,
1248,sdmx_data_1248.csv,222,5,15,2010,2024,False,1,0,0,0,0,222,Republic of Uzbekistan,
1249,sdmx_data_1249.csv,222,5,15,2010,2024,False,1,0,0,0,0,222,Republic of Uzbekistan,
1250,sdmx_data_1250.csv,222,5,15,2010,2024,False,1,0,0,0,0,222,Republic of Uzbekistan,
1251,sdmx_data_1251.csv,221,5,6,2019,2024,False,1,0,0,0,0,221,Republic of Uzbekistan,
1252,sdmx_data_1252.csv,221,5,6,2019,2024,False,1,0,0,0,0,221,Republic of Uzbekistan,
1253,sdmx_data_1253.csv,15,5,11,2014,2024,False,1,0,0,0,0,15,Republic of Uzbekistan,
1254,sdmx_data_1254.csv,15,5,11,2014,2024,False,1,0,0,0,0,15,Republic of Uzbekistan,
1255,sdmx_data_1255.csv,15,5,11,2014,2024,False,1,0,0,0,0,15,Republic of Uzbekistan,
1256,sdmx_data_1256.csv,15,5,15,2010,2024,False,1,0,0,0,0,15,Republic of Uzbekistan,
1257,sdmx_data_1257.csv,15,5,15,2010,2024,False,1,0,0,0,0,15,Republic of Uzbekistan,
1258,sdmx_data_1258.csv,15,5,15,2010,2024,False,1,0,0,0,0,15,Republic of Uzbekistan,
1259,sdmx_data_1259.csv,15,5,15,2010,2024,False,1,0,0,0,0,15,Republic of Uzbekistan,
1261,sdmx_data_1261.csv,1,5,25,2000,2024,False,1,0,0,0,0,1,Republic of Uzbekistan,
1262,sdmx_data_1262.csv,1,5,15,2010,2024,False,1,0,0,0,0,1,Republic of Uzbekistan,
1263,sdmx_data_1263.csv,1,5,15,2010,2024,False,1,0,0,0,0,1,Republic of Uzbekistan,
1264,sdmx_data_1264.csv,1,5,15,2010,2024,False,1,0,0,0,0,1,Republic of Uzbekistan,
1265,sdmx_data_1265.csv,1,5,15,2010,2024,False,1,0,0,0,0,1,Republic of Uzbekistan,
1266,sdmx_data_1266.csv,1,5,15,2010,2024,False,1,0,0,0,0,1,Republic of Uzbekistan,
1267,sdmx_data_1267.csv,1,5,15,2010,2024,False,1,0,0,0,0,1,Republic of Uzbekistan,
1268,sdmx_data_1268.csv,15,5,10,2015,2024,False,1,0,0,0,0,15,Republic of Uzbekistan,
1269,sdmx_data_1269.csv,15,5,10,2015,2024,False,1,0,0,0,0,15,Republic of Uzbekistan,
1270,sdmx_data_1270.csv,15,5,10,2015,2024,False,1,0,0,0,0,15,Republic of Uzbekistan,
1271,sdmx_data_1271.csv,15,5,10,2015,2024,False,1,0,0,0,0,15,Republic of Uzbekistan,
1272,sdmx_data_1272.csv,1,5,10,2015,2024,False,1,0,0,0,0,1,Republic of Uzbekistan,
1275,sdmx_data_1275.csv,15,5,10,2015,2024,False,1,0,0,0,0,15,Republic of Uzbekistan,
1276,sdmx_data_1276.csv,15,5,10,2015,2024,False,1,0,0,0,0,15,Republic of Uzbekistan,
1279,sdmx_data_1279.csv,15,5,10,2015,2024,False,1,0,0,0,0,15,Republic of Uzbekistan,
1280,sdmx_data_1280.csv,15,5,10,2015,2024,False,1,0,0,0,0,15,Republic of Uzbekistan,
1281,sdmx_data_1281.csv,15,5,10,2015,2024,False,1,0,0,0,0,15,Republic of Uzbekistan,
1282,sdmx_data_1282.csv,15,5,10,2015,2024,False,1,0,0,0,0,15,Republic of Uzbekistan,
1283,sdmx_data_1283.csv,15,5,10,2015,2024,False,1,0,0,0,0,15,Republic of Uzbekistan,
1284,sdmx_data_1284.csv,15,5,10,2015,2024,False,1,0,0,0,0,15,Republic of Uzbekistan,
1285,sdmx_data_1285.csv,28,5,132,2010-М01,2020-М12,False,0,0,0,0,0,28,Cumulative index,
1286,sdmx_data_1286.csv,17,5,64,2021-M01,2026-M04,True,0,0,0,0,0,17,Cumulative index,
1287,sdmx_data_1287.csv,28,5,11,2010,2020,False,0,0,0,0,0,28,Cumulative index,
1288,sdmx_data_1288.csv,17,5,6,2021,2026,False,0,0,0,0,0,17,Cumulative index,
1289,sdmx_data_1289.csv,27,5,11,2010,2020,False,0,0,0,0,0,27,Cumulative index,
1290,sdmx_data_1290.csv,17,5,5,2021,2025,False,0,0,0,0,0,17,Cumulative index,
1291,sdmx_data_1291.csv,27,5,11,2010,2020,False,0,0,0,0,0,27,Cumulative index,
1292,sdmx_data_1292.csv,17,5,5,2021,2025,False,0,0,0,0,0,17,Cumulative index,
1294,sdmx_data_1294.csv,1,5,26,2000,2025,False,1,0,0,0,0,1,Republic of Uzbekistan,
1295,sdmx_data_1295.csv,1,5,26,2000,2025,False,1,0,0,0,0,1,Republic of Uzbekistan,
1296,sdmx_data_1296.csv,3,5,124,2016-М01,2026-M04,False,0,0,0,0,0,3,J. INFORMATION AND COMMUNICATION,
1297,sdmx_data_1297.csv,1,5,26,2000,2025,False,1,0,0,0,0,1,Republic of Uzbekistan,
1298,sdmx_data_1298.csv,1,5,26,2000,2025,False,1,0,0,0,0,1,Republic of Uzbekistan,
1301,sdmx_data_1301.csv,64,5,196,2010-М01,2026-M04,False,0,0,0,0,0,62,Composite index,
1302,sdmx_data_1302.csv,1,5,16,2010,2025,False,1,0,0,0,0,1,Republic of Uzbekistan,
1303,sdmx_data_1303.csv,1,5,16,2010,2025,False,1,0,0,0,0,1,Republic of Uzbekistan,
1305,sdmx_data_1305.csv,15,5,17,2022-Q1,2026-Q1,False,1,0,0,0,0,15,Republic of Uzbekistan,
1306,sdmx_data_1306.csv,15,5,24,2020-Q2,2026-Q1,False,1,0,0,0,0,15,Republic of Uzbekistan,
1307,sdmx_data_1307.csv,15,5,24,2020-Q2,2026-Q1,False,1,0,0,0,0,15,Republic of Uzbekistan,
1308,sdmx_data_1308.csv,41,5,64,2021-М01,2026-M04,False,0,0,0,0,0,41,Rice,
1310,sdmx_data_1310.csv,15,5,16,2010,2025,False,1,0,0,0,0,15,Republic of Uzbekistan,
1311,sdmx_data_1311.csv,15,5,16,2010,2025,False,1,0,0,0,0,15,Republic of Uzbekistan,
1313,sdmx_data_1313.csv,221,5,16,2010,2025,False,1,0,0,0,0,221,Republic of Uzbekistan,
1314,sdmx_data_1314.csv,116,5,87,2019-М01,2026-M03,False,0,0,0,0,0,115,Composite index,
1315,sdmx_data_1315.csv,19,5,16,2010,2025,False,0,0,0,0,0,19,"Agriculture, forestry and fisheries",
1317,sdmx_data_1317.csv,1,5,16,2010,2025,False,1,0,0,0,0,1,Republic of Uzbekistan,
1320,sdmx_data_1320.csv,116,5,87,2019-М01,2026-M03,False,0,0,0,0,0,115,Composite index,
1321,sdmx_data_1321.csv,115,5,7,2019,2025,False,0,0,0,0,0,114,Composite index,
1323,sdmx_data_1323.csv,116,5,7,2019,2025,False,0,0,0,0,0,115,Composite index,
1325,sdmx_data_1325.csv,15,5,16,2010,2025,False,1,0,0,0,0,15,Republic of Uzbekistan,
1326,sdmx_data_1326.csv,221,5,15,2010,2024,False,1,0,0,0,0,221,Republic of Uzbekistan,
1327,sdmx_data_1327.csv,41,5,160,2013-М01,2026-М04,False,0,0,0,0,0,41,Rice,
1328,sdmx_data_1328.csv,221,5,15,2010,2024,False,1,0,0,0,0,221,Republic of Uzbekistan,
1329,sdmx_data_1329.csv,42,5,64,2021-М01,2026-M04,False,0,0,0,0,0,42,Rice,
1331,sdmx_data_1331.csv,15,5,25,2020-Q1,2026-Q1,False,1,0,0,0,0,15,Republic of Uzbekistan,
1332,sdmx_data_1332.csv,15,5,25,2020-Q1,2026-Q1,False,1,0,0,0,0,15,Republic of Uzbekistan,
1333,sdmx_data_1333.csv,15,5,16,2010,2025,False,1,0,0,0,0,15,Republic of Uzbekistan,
1334,sdmx_data_1334.csv,15,5,25,2000,2024,False,1,0,0,0,0,15,Republic of Uzbekistan,
1336,sdmx_data_1336.csv,15,5,25,2000,2024,False,1,0,0,0,0,15,Republic of Uzbekistan,
1337,sdmx_data_1337.csv,15,5,25,2000,2024,False,1,0,0,0,0,15,Republic of Uzbekistan,
1338,sdmx_data_1338.csv,15,5,25,2000,2024,False,1,0,0,0,0,15,Republic of Uzbekistan,
1339,sdmx_data_1339.csv,15,5,25,2000,2024,False,1,0,0,0,0,15,Republic of Uzbekistan,
1340,sdmx_data_1340.csv,1,5,25,2000,2024,False,1,0,0,0,0,1,Republic of Uzbekistan,
1341,sdmx_data_1341.csv,1,5,25,2000,2024,False,1,0,0,0,0,1,Republic of Uzbekistan,
1342,sdmx_data_1342.csv,1,5,25,2000,2024,False,1,0,0,0,0,1,Republic of Uzbekistan,
1439,sdmx_data_1439.csv,15,5,15,2010,2024,False,1,0,0,0,0,15,Republic of Uzbekistan,
1451,sdmx_data_1451.csv,15,5,15,2010,2024,False,1,0,0,0,0,15,Republic of Uzbekistan,
1453,sdmx_data_1453.csv,15,5,15,2010,2024,False,1,0,0,0,0,15,Republic of Uzbekistan,
1454,sdmx_data_1454.csv,15,5,15,2010,2024,False,1,0,0,0,0,15,Republic of Uzbekistan,
1455,sdmx_data_1455.csv,15,5,15,2010,2024,False,1,0,0,0,0,15,Republic of Uzbekistan,
1456,sdmx_data_1456.csv,15,5,15,2010,2024,False,1,0,0,0,0,15,Republic of Uzbekistan,
1458,sdmx_data_1458.csv,15,5,15,2010,2024,False,1,0,0,0,0,15,Republic of Uzbekistan,
1459,sdmx_data_1459.csv,15,5,15,2010,2024,False,1,0,0,0,0,15,Republic of Uzbekistan,
1460,sdmx_data_1460.csv,15,5,15,2010,2024,False,1,0,0,0,0,15,Republic of Uzbekistan,
1461,sdmx_data_1461.csv,15,5,15,2010,2024,False,1,0,0,0,0,15,Republic of Uzbekistan,
1463,sdmx_data_1463.csv,15,5,15,2010,2024,False,1,0,0,0,0,15,Republic of Uzbekistan,
1464,sdmx_data_1464.csv,15,5,15,2010,2024,False,1,0,0,0,0,15,Republic of Uzbekistan,
1465,sdmx_data_1465.csv,15,5,15,2010,2024,False,1,0,0,0,0,15,Republic of Uzbekistan,
1469,sdmx_data_1469.csv,15,5,15,2010,2024,False,1,0,0,0,0,15,Republic of Uzbekistan,
1470,sdmx_data_1470.csv,15,5,15,2010,2024,False,1,0,0,0,0,15,Republic of Uzbekistan,
1471,sdmx_data_1471.csv,15,5,15,2010,2024,False,1,0,0,0,0,15,Republic of Uzbekistan,
1473,sdmx_data_1473.csv,15,5,15,2010,2024,False,1,0,0,0,0,15,Republic of Uzbekistan,
1474,sdmx_data_1474.csv,220,5,15,2010,2024,False,1,0,0,0,0,220,Republic of Uzbekistan,
1475,sdmx_data_1475.csv,15,5,7,2018,2024,False,1,0,0,0,0,15,Republic of Uzbekistan,
1476,sdmx_data_1476.csv,15,5,15,2010,2024,False,1,0,0,0,0,15,Republic of Uzbekistan,
1478,sdmx_data_1478.csv,15,5,15,2010,2024,False,1,0,0,0,0,15,Republic of Uzbekistan,
1479,sdmx_data_1479.csv,15,5,15,2010,2024,False,1,0,0,0,0,15,Republic of Uzbekistan,
1480,sdmx_data_1480.csv,15,5,15,2010,2024,False,1,0,0,0,0,15,Republic of Uzbekistan,
1481,sdmx_data_1481.csv,220,5,15,2010,2024,False,1,0,0,0,0,220,Republic of Uzbekistan,
1482,sdmx_data_1482.csv,15,5,15,2010,2024,False,1,0,0,0,0,15,Republic of Uzbekistan,
1483,sdmx_data_1483.csv,15,5,15,2010,2024,False,1,0,0,0,0,15,Republic of Uzbekistan,
1484,sdmx_data_1484.csv,15,5,15,2010,2024,False,1,0,0,0,0,15,Republic of Uzbekistan,
1485,sdmx_data_1485.csv,15,5,15,2010,2024,False,1,0,0,0,0,15,Republic of Uzbekistan,
1486,sdmx_data_1486.csv,15,5,15,2010,2024,False,1,0,0,0,0,15,Republic of Uzbekistan,
1488,sdmx_data_1488.csv,15,5,15,2010,2024,False,1,0,0,0,0,15,Republic of Uzbekistan,
1490,sdmx_data_1490.csv,15,5,15,2010,2024,False,1,0,0,0,0,15,Republic of Uzbekistan,
1491,sdmx_data_1491.csv,15,5,15,2010,2024,False,1,0,0,0,0,15,Republic of Uzbekistan,
1492,sdmx_data_1492.csv,15,5,15,2010,2024,False,1,0,0,0,0,15,Republic of Uzbekistan,
1494,sdmx_data_1494.csv,15,5,15,2010,2024,False,1,0,0,0,0,15,Republic of Uzbekistan,
1496,sdmx_data_1496.csv,10,5,63,2021-M01,2026-M03,True,0,0,0,0,0,10,Export of services,
1498,sdmx_data_1498.csv,11,5,63,2021-M01,2026-M3,True,0,0,0,0,0,11,Export of services,
1501,sdmx_data_1501.csv,10,5,15,2010,2024,False,0,0,0,0,0,10,Export of services,
1502,sdmx_data_1502.csv,10,5,15,2010,2024,False,0,0,0,0,0,10,Import Services,
1503,sdmx_data_1503.csv,5,5,15,2010,2024,False,0,0,0,0,0,5,Telecommunication services,
1504,sdmx_data_1504.csv,5,5,15,2010,2024,False,0,0,0,0,0,5,Telecommunication services,
1506,sdmx_data_1506.csv,23,5,13,2010,2022,False,0,0,0,0,0,18,Food and Beverage,
1561,sdmx_data_1561.csv,15,5,25,2020-Q1,2026-Q1,False,1,0,0,0,0,15,Republic of Uzbekistan,
1569,sdmx_data_1569.csv,15,5,15,2010,2024,False,1,0,0,0,0,15,Republic of Uzbekistan,
1570,sdmx_data_1570.csv,15,5,15,2010,2024,False,1,0,0,0,0,15,Republic of Uzbekistan,
1576,sdmx_data_1576.csv,16,5,5,2022,2026,False,0,0,0,0,0,16,Mining and quarrying,
1577,sdmx_data_1577.csv,1,5,26,2000,2025,False,1,0,0,0,0,1,Republic of Uzbekistan,
1578,sdmx_data_1578.csv,1,5,26,2000,2025,False,1,0,0,0,0,1,Republic of Uzbekistan,
1579,sdmx_data_1579.csv,15,5,124,2016-М01,2026-M04,False,0,0,0,0,0,15,H. TRANSPORT AND STORAGE,
1581,sdmx_data_1581.csv,16,5,160,2013-M01,2026-M04,True,0,0,0,0,0,16,Composite index,
1737,sdmx_data_1737.csv,15,5,11,2010,2020,False,1,0,0,0,0,15,Republic of Uzbekistan,
1872,sdmx_data_1872.csv,15,5,16,2010,2025,False,1,0,0,0,0,15,Republic of Uzbekistan,
1873,sdmx_data_1873.csv,15,5,16,2010,2025,False,1,0,0,0,0,15,Republic of Uzbekistan,
1905,sdmx_data_1905.csv,221,5,15,2010,2024,False,1,0,0,0,0,221,Republic of Uzbekistan,
1907,sdmx_data_1907.csv,221,5,15,2010,2024,False,1,0,0,0,0,221,Republic of Uzbekistan,
1910,sdmx_data_1910.csv,221,5,15,2010,2024,False,1,0,0,0,0,221,Republic of Uzbekistan,
1913,sdmx_data_1913.csv,221,5,15,2010,2024,False,1,0,0,0,0,221,Republic of Uzbekistan,
223,sdmx_data_223.csv,221,5,16,2010,2025,False,1,0,0,0,0,221,Republic of Uzbekistan,
224,sdmx_data_224.csv,221,5,16,2010,2025,False,1,0,0,0,0,221,Republic of Uzbekistan,
225,sdmx_data_225.csv,221,5,16,2010,2025,False,1,0,0,0,0,221,Republic of Uzbekistan,
226,sdmx_data_226.csv,222,5,16,2010,2025,False,1,0,0,0,0,222,Republic of Uzbekistan,
227,sdmx_data_227.csv,222,5,16,2010,2025,False,1,0,0,0,0,222,Republic of Uzbekistan,
228,sdmx_data_228.csv,222,5,16,2010,2025,False,1,0,0,0,0,222,Republic of Uzbekistan,
229,sdmx_data_229.csv,221,5,16,2010,2025,False,1,0,0,0,0,221,Republic of Uzbekistan,
230,sdmx_data_230.csv,221,5,16,2010,2025,False,1,0,0,0,0,221,Republic of Uzbekistan,
232,sdmx_data_232.csv,221,5,16,2010,2025,False,1,0,0,0,0,221,Republic of Uzbekistan,
2358,sdmx_data_2358.csv,221,5,15,2010,2024,False,1,0,0,0,0,221,Republic of Uzbekistan,
236,sdmx_data_236.csv,221,5,16,2010,2025,False,1,0,0,0,0,221,Republic of Uzbekistan,
2364,sdmx_data_2364.csv,237,5,16,2009,2024,False,0,1,1,1,1,237,Cuba,
2365,sdmx_data_2365.csv,11,5,15,2010,2024,False,0,0,0,0,0,11,Machines and transport equipment,
2366,sdmx_data_2366.csv,11,5,15,2010,2024,False,0,0,0,0,0,11,Machines and transport equipment,
2401,sdmx_data_2401.csv,221,5,75,2020-M01,2026-M03,True,1,0,0,0,0,221,Republic of Uzbekistan,
2402,sdmx_data_2402.csv,221,5,15,2010,2024,False,1,0,0,0,0,221,Republic of Uzbekistan,
2403,sdmx_data_2403.csv,15,5,64,2021-M01,2026-M04,True,1,0,0,0,0,15,Republic of Uzbekistan,
2404,sdmx_data_2404.csv,221,5,15,2010,2024,False,1,0,0,0,0,221,Republic of Uzbekistan,
2406,sdmx_data_2406.csv,15,5,64,2021-M01,2026-M04,True,1,0,0,0,0,15,Republic of Uzbekistan,
2407,sdmx_data_2407.csv,221,5,75,2020-M01,2026-M03,True,1,0,0,0,0,221,Republic of Uzbekistan,
2414,sdmx_data_2414.csv,221,5,75,2020-M01,2026-M03,True,1,0,0,0,0,221,Republic of Uzbekistan,
2418,sdmx_data_2418.csv,224,5,63,2021-M01,2026-M03,True,0,1,1,1,1,224,Cuba,
244,sdmx_data_244.csv,221,5,13,2014,2026,False,1,0,0,0,0,221,Republic of Uzbekistan,
245,sdmx_data_245.csv,221,5,17,2010,2026,False,1,0,0,0,0,221,Republic of Uzbekistan,
246,sdmx_data_246.csv,221,5,17,2010,2026,False,1,0,0,0,0,221,Republic of Uzbekistan,
247,sdmx_data_247.csv,221,5,17,2010,2026,False,1,0,0,0,0,221,Republic of Uzbekistan,
248,sdmx_data_248.csv,221,5,17,2010,2026,False,1,0,0,0,0,221,Republic of Uzbekistan,
2522,sdmx_data_2522.csv,13,5,16,2010,2025,False,0,0,0,0,0,13,Wholesale and retail trade; repair of motor vehicles and motorcycles,
2629,sdmx_data_2629.csv,221,5,15,2010,2024,False,1,0,0,0,0,221,Republic of Uzbekistan,
2630,sdmx_data_2630.csv,221,5,15,2010,2024,False,1,0,0,0,0,221,Republic of Uzbekistan,
2631,sdmx_data_2631.csv,221,5,15,2010,2024,False,1,0,0,0,0,221,Republic of Uzbekistan,
2676,sdmx_data_2676.csv,1,5,15,2010,2024,False,1,0,0,0,0,1,Republic of Uzbekistan,
2677,sdmx_data_2677.csv,1,5,15,2010,2024,False,1,0,0,0,0,1,Republic of Uzbekistan,
2678,sdmx_data_2678.csv,1,5,15,2010,2024,False,1,0,0,0,0,1,Republic of Uzbekistan,
2679,sdmx_data_2679.csv,1,5,15,2010,2024,False,1,0,0,0,0,1,Republic of Uzbekistan,
2680,sdmx_data_2680.csv,1,5,15,2010,2024,False,1,0,0,0,0,1,Republic of Uzbekistan,
2681,sdmx_data_2681.csv,1,5,15,2010,2024,False,1,0,0,0,0,1,Republic of Uzbekistan,
2682,sdmx_data_2682.csv,1,5,15,2010,2024,False,1,0,0,0,0,1,Republic of Uzbekistan,
2683,sdmx_data_2683.csv,1,5,15,2010,2024,False,1,0,0,0,0,1,Republic of Uzbekistan,
2684,sdmx_data_2684.csv,15,5,9,2016,2024,False,1,0,0,0,0,15,Republic of Uzbekistan,
2685,sdmx_data_2685.csv,1,5,15,2010,2024,False,1,0,0,0,0,1,Republic of Uzbekistan,
2686,sdmx_data_2686.csv,1,5,15,2010,2024,False,1,0,0,0,0,1,Republic of Uzbekistan,
2687,sdmx_data_2687.csv,15,5,9,2016,2024,False,1,0,0,0,0,15,Republic of Uzbekistan,
2688,sdmx_data_2688.csv,1,5,15,2010,2024,False,1,0,0,0,0,1,Republic of Uzbekistan,
2689,sdmx_data_2689.csv,1,5,15,2010,2024,False,1,0,0,0,0,1,Republic of Uzbekistan,
2690,sdmx_data_2690.csv,1,5,15,2010,2024,False,1,0,0,0,0,1,Republic of Uzbekistan,
2691,sdmx_data_2691.csv,1,5,15,2010,2024,False,1,0,0,0,0,1,Republic of Uzbekistan,
2692,sdmx_data_2692.csv,1,5,15,2010,2024,False,1,0,0,0,0,1,Republic of Uzbekistan,
2693,sdmx_data_2693.csv,15,5,17,2010,2026-Q1,False,1,0,0,0,0,15,Republic of Uzbekistan,
2695,sdmx_data_2695.csv,15,5,15,2010,2024,False,1,0,0,0,0,15,Republic of Uzbekistan,
2696,sdmx_data_2696.csv,15,5,75,2020-M01,2026-M03,True,1,0,0,0,0,15,Republic of Uzbekistan,
2699,sdmx_data_2699.csv,15,5,75,2020-M01,2026-M03,True,1,0,0,0,0,15,Republic of Uzbekistan,
2700,sdmx_data_2700.csv,15,5,75,2020-M01,2026-M03,True,1,0,0,0,0,15,Republic of Uzbekistan,
2704,sdmx_data_2704.csv,221,5,15,2010,2024,False,1,0,0,0,0,221,Republic of Uzbekistan,
2705,sdmx_data_2705.csv,15,5,15,2010,2024,False,1,0,0,0,0,15,Republic of Uzbekistan,
274,sdmx_data_274.csv,15,5,15,2010,2024,False,1,0,0,0,0,15,Republic of Uzbekistan,
275,sdmx_data_275.csv,15,5,15,2010,2024,False,1,0,0,0,0,15,Republic of Uzbekistan,
276,sdmx_data_276.csv,15,5,17,2010,2026-Q1,False,1,0,0,0,0,15,Republic of Uzbekistan,
279,sdmx_data_279.csv,15,5,15,2010,2024,False,1,0,0,0,0,15,Republic of Uzbekistan,
280,sdmx_data_280.csv,221,5,16,2010,2025,False,1,0,0,0,0,221,Republic of Uzbekistan,
2816,sdmx_data_2816.csv,15,5,15,2010,2024,False,1,0,0,0,0,15,Republic of Uzbekistan,
2821,sdmx_data_2821.csv,15,5,75,2023-M01,2026-M03,True,1,0,0,0,0,15,Republic of Uzbekistan,
2822,sdmx_data_2822.csv,15,5,39,2023-M01,2026-M03,True,1,0,0,0,0,15,Republic of Uzbekistan,
2826,sdmx_data_2826.csv,15,5,15,2010,2024,False,1,0,0,0,0,15,Republic of Uzbekistan,
2827,sdmx_data_2827.csv,15,5,39,2023-M01,2026-M03,True,1,0,0,0,0,15,Republic of Uzbekistan,
2828,sdmx_data_2828.csv,15,5,15,2010,2024,False,1,0,0,0,0,15,Republic of Uzbekistan,
2829,sdmx_data_2829.csv,15,5,39,2023-M01,2026-M03,True,1,0,0,0,0,15,Republic of Uzbekistan,
283,sdmx_data_283.csv,15,5,7,2018,2024,False,1,0,0,0,0,15,Republic of Uzbekistan,
2830,sdmx_data_2830.csv,15,5,11,2014,2024,False,1,0,0,0,0,15,Republic of Uzbekistan,
2831,sdmx_data_2831.csv,15,5,11,2014,2024,False,1,0,0,0,0,15,Republic of Uzbekistan,
2833,sdmx_data_2833.csv,1,5,9,2016,2024,False,1,0,0,0,0,1,Republic of Uzbekistan,
2834,sdmx_data_2834.csv,221,5,14,2012,2025,False,1,0,0,0,0,221,Republic of Uzbekistan,
2835,sdmx_data_2835.csv,15,5,15,2011,2025,False,1,0,0,0,0,15,Republic of Uzbekistan,
284,sdmx_data_284.csv,15,5,15,2010,2024,False,1,0,0,0,0,15,Republic of Uzbekistan,
285,sdmx_data_285.csv,15,5,7,2018,2024,False,1,0,0,0,0,15,Republic of Uzbekistan,
286,sdmx_data_286.csv,15,5,7,2018,2024,False,1,0,0,0,0,15,Republic of Uzbekistan,
287,sdmx_data_287.csv,221,5,16,2010,2025,False,1,0,0,0,0,221,Republic of Uzbekistan,
291,sdmx_data_291.csv,15,5,7,2018,2024,False,1,0,0,0,0,15,Republic of Uzbekistan,
292,sdmx_data_292.csv,1,5,16,2010,2025,False,1,0,0,0,0,1,Republic of Uzbekistan,
293,sdmx_data_293.csv,1,5,25,2000,2024,False,1,0,0,0,0,1,Republic of Uzbekistan,
294,sdmx_data_294.csv,15,5,15,2010,2024,False,1,0,0,0,0,15,Republic of Uzbekistan,
2943,sdmx_data_2943.csv,15,5,14,2022-Q4,2025-Q4,False,1,0,0,0,0,15,Republic of Uzbekistan,
2944,sdmx_data_2944.csv,15,5,14,2022-Q4,2026-Q1,False,1,0,0,0,0,15,Republic of Uzbekistan,
2945,sdmx_data_2945.csv,15,5,14,2022-Q4,2026-Q1,False,1,0,0,0,0,15,Republic of Uzbekistan,
2946,sdmx_data_2946.csv,15,5,14,2022-Q4,2026-Q1,False,1,0,0,0,0,15,Republic of Uzbekistan,
2947,sdmx_data_2947.csv,15,5,14,2022-Q4,2026-Q1,False,1,0,0,0,0,15,Republic of Uzbekistan,
2948,sdmx_data_2948.csv,15,5,14,2022-Q4,2026-Q1,False,1,0,0,0,0,15,Republic of Uzbekistan,
2949,sdmx_data_2949.csv,15,5,14,2022-Q4,2026-Q1,False,1,0,0,0,0,15,Republic of Uzbekistan,
2950,sdmx_data_2950.csv,15,5,14,2022-Q4,2026-Q1,False,1,0,0,0,0,15,Republic of Uzbekistan,
2951,sdmx_data_2951.csv,15,5,14,2022-Q4,2026-Q1,False,1,0,0,0,0,15,Republic of Uzbekistan,
2952,sdmx_data_2952.csv,15,5,14,2022-Q4,2026-Q1,False,1,0,0,0,0,15,Republic of Uzbekistan,
2958,sdmx_data_2958.csv,15,5,8,2017,2024,False,1,0,0,0,0,15,Republic of Uzbekistan,
2959,sdmx_data_2959.csv,16,5,10,2016,2025,False,0,0,0,0,0,16,Composite index,
2960,sdmx_data_2960.csv,16,5,10,2016,2025,False,0,0,0,0,0,16,Composite index,
2961,sdmx_data_2961.csv,4,5,16,2022-Q2,2026-Q1,False,0,0,0,0,0,4,"Agriculture, forestry and fisheries",
2962,sdmx_data_2962.csv,15,5,75,2020-M01,2026-M03,True,1,0,0,0,0,15,Republic of Uzbekistan,
298,sdmx_data_298.csv,1,5,16,2010,2025,False,1,0,0,0,0,1,Republic of Uzbekistan,
299,sdmx_data_299.csv,15,5,7,2018,2024,False,1,0,0,0,0,15,Republic of Uzbekistan,
3003,sdmx_data_3003.csv,1,5,26,2000,2025,False,1,0,0,0,0,1,Republic of Uzbekistan,
301,sdmx_data_301.csv,1,5,25,2000,2024,False,1,0,0,0,0,1,Republic of Uzbekistan,
304,sdmx_data_304.csv,1,5,25,2000,2024,False,1,0,0,0,0,1,Republic of Uzbekistan,
306,sdmx_data_306.csv,1,5,16,2010,2025,False,1,0,0,0,0,1,Republic of Uzbekistan,
307,sdmx_data_307.csv,221,5,16,2010,2025,False,1,0,0,0,0,221,Republic of Uzbekistan,
3075,sdmx_data_3075.csv,1,5,39,2023-M01,2026-M03,True,1,0,0,0,0,1,Republic of Uzbekistan,
3076,sdmx_data_3076.csv,1,5,39,2023-M01,2026-M03,True,1,0,0,0,0,1,Republic of Uzbekistan,
3078,sdmx_data_3078.csv,96,5,15,2010,2024,False,0,0,0,0,0,96,"Articles of clothing and clothing accessories, other than knitted or crocheted",
3079,sdmx_data_3079.csv,96,5,39,2023-M01,2026-M03,True,0,0,0,0,0,96,"Articles of clothing and clothing accessories, other than knitted or crocheted",
308,sdmx_data_308.csv,1,5,25,2000,2024,False,1,0,0,0,0,1,Republic of Uzbekistan,
3080,sdmx_data_3080.csv,96,5,39,2023-M01,2026-M03,True,0,0,0,0,0,96,"Articles of clothing and clothing accessories, other than knitted or crocheted",
3082,sdmx_data_3082.csv,11,5,63,2021-M01,2026-M03,True,0,0,0,0,0,11,Machines and transport equipment,
3083,sdmx_data_3083.csv,76,5,15,2010,2024,False,0,0,0,0,0,76,"851762 Machines for the reception, conversion & transmission/regeneration of voice,images/other data, incl. switching & routing apparatus",
3086,sdmx_data_3086.csv,11,5,63,2021-M01,2026-M03,True,0,0,0,0,0,11,Machines and transport equipment,
3087,sdmx_data_3087.csv,96,5,15,2010,2024,False,0,0,0,0,0,96,"Articles of clothing and clothing accessories, other than knitted or crocheted",
3088,sdmx_data_3088.csv,96,5,39,2023-M01,2026-M03,True,0,0,0,0,0,96,"Articles of clothing and clothing accessories, other than knitted or crocheted",
3089,sdmx_data_3089.csv,96,5,39,2023-M01,2026-M03,True,0,0,0,0,0,96,"Articles of clothing and clothing accessories, other than knitted or crocheted",
309,sdmx_data_309.csv,1,5,16,2010,2025,False,1,0,0,0,0,1,Republic of Uzbekistan,
3090,sdmx_data_3090.csv,89,5,15,2010,2024,False,0,0,0,0,0,89,"851762 Machines for the reception, conversion & transmission/regeneration of voice,images/other data, incl. switching & routing apparatus",
3098,sdmx_data_3098.csv,1,5,8,2017,2024,False,1,0,0,0,0,1,Republic of Uzbekistan,
3099,sdmx_data_3099.csv,1,5,8,2017,2024,False,1,0,0,0,0,1,Republic of Uzbekistan,
310,sdmx_data_310.csv,15,5,15,2010,2024,False,1,0,0,0,0,15,Republic of Uzbekistan,
3100,sdmx_data_3100.csv,1,5,8,2017,2024,False,1,0,0,0,0,1,Republic of Uzbekistan,
3101,sdmx_data_3101.csv,1,5,8,2017,2024,False,1,0,0,0,0,1,Republic of Uzbekistan,
3102,sdmx_data_3102.csv,1,5,8,2017,2024,False,1,0,0,0,0,1,Republic of Uzbekistan,
3103,sdmx_data_3103.csv,1,5,8,2017,2024,False,1,0,0,0,0,1,Republic of Uzbekistan,
311,sdmx_data_311.csv,15,5,7,2018,2024,False,1,0,0,0,0,15,Republic of Uzbekistan,
312,sdmx_data_312.csv,15,5,7,2018,2024,False,1,0,0,0,0,15,Republic of Uzbekistan,
313,sdmx_data_313.csv,1,5,25,2000,2024,False,1,0,0,0,0,1,Republic of Uzbekistan,
314,sdmx_data_314.csv,1,5,16,2010,2025,False,1,0,0,0,0,1,Republic of Uzbekistan,
315,sdmx_data_315.csv,15,5,6,2019,2024,False,1,0,0,0,0,15,Republic of Uzbekistan,
316,sdmx_data_316.csv,1,5,16,2010,2025,False,1,0,0,0,0,1,Republic of Uzbekistan,
3165,sdmx_data_3165.csv,6,5,15,2010,2024,False,0,0,0,0,0,6,Europe,
3166,sdmx_data_3166.csv,6,5,15,2010,2024,False,0,0,0,0,0,6,Europe,
3167,sdmx_data_3167.csv,1,5,15,2010,2024,False,1,0,0,0,0,1,Republic of Uzbekistan,
3168,sdmx_data_3168.csv,1,5,15,2010,2024,False,1,0,0,0,0,1,Republic of Uzbekistan,
3169,sdmx_data_3169.csv,1,5,15,2010,2024,False,1,0,0,0,0,1,Republic of Uzbekistan,
317,sdmx_data_317.csv,1,5,25,2000,2024,False,1,0,0,0,0,1,Republic of Uzbekistan,
3170,sdmx_data_3170.csv,1,5,15,2010,2024,False,1,0,0,0,0,1,Republic of Uzbekistan,
3171,sdmx_data_3171.csv,1,5,15,2010,2024,False,1,0,0,0,0,1,Republic of Uzbekistan,
3172,sdmx_data_3172.csv,1,5,15,2010,2024,False,1,0,0,0,0,1,Republic of Uzbekistan,
3176,sdmx_data_3176.csv,15,5,10,2015,2024,False,1,0,0,0,0,15,Republic of Uzbekistan,
3177,sdmx_data_3177.csv,1,5,10,2015,2024,False,1,0,0,0,0,1,Republic of Uzbekistan,
3178,sdmx_data_3178.csv,1,5,10,2015,2024,False,1,0,0,0,0,1,Republic of Uzbekistan,
3179,sdmx_data_3179.csv,1,5,10,2015,2024,False,1,0,0,0,0,1,Republic of Uzbekistan,
318,sdmx_data_318.csv,1,5,25,2000,2024,False,1,0,0,0,0,1,Republic of Uzbekistan,
3180,sdmx_data_3180.csv,1,5,10,2015,2024,False,1,0,0,0,0,1,Republic of Uzbekistan,
320,sdmx_data_320.csv,15,5,7,2018,2024,False,1,0,0,0,0,15,Republic of Uzbekistan,
321,sdmx_data_321.csv,1,5,16,2010,2025,False,1,0,0,0,0,1,Republic of Uzbekistan,
3215,sdmx_data_3215.csv,15,5,27,2024-M01,2026-M03,True,1,0,0,0,0,15,Republic of Uzbekistan,
3216,sdmx_data_3216.csv,15,5,27,2024-M01,2026-M03,True,1,0,0,0,0,15,Republic of Uzbekistan,
3217,sdmx_data_3217.csv,14,5,27,2024-M01,2026-M03,True,0,0,0,0,0,14,Trade,
3218,sdmx_data_3218.csv,14,5,27,2024-M01,2026-M03,True,0,0,0,0,0,14,Trade,
322,sdmx_data_322.csv,1,5,25,2000,2024,False,1,0,0,0,0,1,Republic of Uzbekistan,
323,sdmx_data_323.csv,15,5,15,2010,2024,False,1,0,0,0,0,15,Republic of Uzbekistan,
324,sdmx_data_324.csv,15,5,15,2010,2024,False,1,0,0,0,0,15,Republic of Uzbekistan,
3247,sdmx_data_3247.csv,15,5,27,2024-M01,2026-M03,True,1,0,0,0,0,15,Republic of Uzbekistan,
3248,sdmx_data_3248.csv,15,5,27,2024-M01,2026-M03,True,1,0,0,0,0,15,Republic of Uzbekistan,
3249,sdmx_data_3249.csv,15,5,9,2024-Q1,2026-Q1,False,1,0,0,0,0,15,Republic of Uzbekistan,
325,sdmx_data_325.csv,1,5,25,2000,2024,False,1,0,0,0,0,1,Republic of Uzbekistan,
3250,sdmx_data_3250.csv,15,5,9,2024-Q1,2026-Q1,False,1,0,0,0,0,15,Republic of Uzbekistan,
3253,sdmx_data_3253.csv,27,5,11,2016,2026,False,0,0,0,0,0,27,Book publishing,
326,sdmx_data_326.csv,15,5,15,2010,2024,False,1,0,0,0,0,15,Republic of Uzbekistan,
3263,sdmx_data_3263.csv,1,5,9,2024-Q1,2026-Q1,False,1,0,0,0,0,1,Republic of Uzbekistan,
3264,sdmx_data_3264.csv,1,5,9,2024-Q1,2026-Q1,False,1,0,0,0,0,1,Republic of Uzbekistan,
3265,sdmx_data_3265.csv,1,5,9,2024-Q1,2026-Q1,False,1,0,0,0,0,1,Republic of Uzbekistan,
3266,sdmx_data_3266.csv,1,5,9,2024-Q1,2026-Q1,False,1,0,0,0,0,1,Republic of Uzbekistan,
3267,sdmx_data_3267.csv,1,5,9,2024-Q1,2026-Q1,False,1,0,0,0,0,1,Republic of Uzbekistan,
3268,sdmx_data_3268.csv,1,5,9,2024-Q1,2026-Q1,False,1,0,0,0,0,1,Republic of Uzbekistan,
3269,sdmx_data_3269.csv,15,5,9,2024-Q1,2026-Q1,False,1,0,0,0,0,15,Republic of Uzbekistan,
327,sdmx_data_327.csv,1,5,25,2000,2024,False,1,0,0,0,0,1,Republic of Uzbekistan,
3270,sdmx_data_3270.csv,1,5,9,2024-Q1,2026-Q1,False,1,0,0,0,0,1,Republic of Uzbekistan,
3271,sdmx_data_3271.csv,1,5,9,2024-Q1,2026-Q1,False,1,0,0,0,0,1,Republic of Uzbekistan,
3272,sdmx_data_3272.csv,1,5,9,2024-Q1,2026-Q1,False,1,0,0,0,0,1,Republic of Uzbekistan,
3273,sdmx_data_3273.csv,1,5,9,2024-Q1,2026-Q1,False,1,0,0,0,0,1,Republic of Uzbekistan,
3274,sdmx_data_3274.csv,1,5,9,2024-Q1,2026-Q1,False,1,0,0,0,0,1,Republic of Uzbekistan,
3275,sdmx_data_3275.csv,1,5,9,2024-Q1,2026-Q1,False,1,0,0,0,0,1,Republic of Uzbekistan,
3276,sdmx_data_3276.csv,1,5,8,2024-Q1,2025-Q4,False,1,0,0,0,0,1,Republic of Uzbekistan,
3277,sdmx_data_3277.csv,1,5,9,2024-Q1,2026-Q1,False,1,0,0,0,0,1,Republic of Uzbekistan,
3278,sdmx_data_3278.csv,1,5,9,2024-Q1,2026-Q1,False,1,0,0,0,0,1,Republic of Uzbekistan,
3279,sdmx_data_3279.csv,1,5,9,2024-Q1,2026-Q1,False,1,0,0,0,0,1,Republic of Uzbekistan,
328,sdmx_data_328.csv,15,5,15,2010,2024,False,1,0,0,0,0,15,Republic of Uzbekistan,
3280,sdmx_data_3280.csv,15,5,9,2024-Q1,2026-Q1,False,1,0,0,0,0,15,Republic of Uzbekistan,
3281,sdmx_data_3281.csv,1,5,9,2024-Q1,2026-Q1,False,1,0,0,0,0,1,Republic of Uzbekistan,
3282,sdmx_data_3282.csv,1,5,9,2024-Q1,2026-Q1,False,1,0,0,0,0,1,Republic of Uzbekistan,
3283,sdmx_data_3283.csv,1,5,9,2024-Q1,2026-Q1,False,1,0,0,0,0,1,Republic of Uzbekistan,
3284,sdmx_data_3284.csv,1,5,9,2024-Q1,2026-Q1,False,1,0,0,0,0,1,Republic of Uzbekistan,
329,sdmx_data_329.csv,15,5,16,2010,2025,False,1,0,0,0,0,15,Republic of Uzbekistan,
330,sdmx_data_330.csv,15,5,15,2010,2024,False,1,0,0,0,0,15,Republic of Uzbekistan,
331,sdmx_data_331.csv,1,5,25,2000,2024,False,1,0,0,0,0,1,Republic of Uzbekistan,
332,sdmx_data_332.csv,15,5,15,2010,2024,False,1,0,0,0,0,15,Republic of Uzbekistan,
333,sdmx_data_333.csv,1,5,25,2000,2024,False,1,0,0,0,0,1,Republic of Uzbekistan,
334,sdmx_data_334.csv,1,5,16,2010,2025,False,1,0,0,0,0,1,Republic of Uzbekistan,
335,sdmx_data_335.csv,15,5,15,2010,2024,False,1,0,0,0,0,15,Republic of Uzbekistan,
336,sdmx_data_336.csv,1,5,25,2000,2024,False,1,0,0,0,0,1,Republic of Uzbekistan,
337,sdmx_data_337.csv,15,5,15,2010,2024,False,1,0,0,0,0,15,Republic of Uzbekistan,
3377,sdmx_data_3377.csv,21,5,13,2013,2025,False,0,0,0,0,0,21,"Agriculture, forestry and fisheries",
338,sdmx_data_338.csv,1,5,25,2000,2024,False,1,0,0,0,0,1,Republic of Uzbekistan,
339,sdmx_data_339.csv,15,5,15,2010,2024,False,1,0,0,0,0,15,Republic of Uzbekistan,
340,sdmx_data_340.csv,1,5,25,2000,2024,False,1,0,0,0,0,1,Republic of Uzbekistan,
341,sdmx_data_341.csv,15,5,15,2010,2024,False,1,0,0,0,0,15,Republic of Uzbekistan,
342,sdmx_data_342.csv,1,5,25,2000,2024,False,1,0,0,0,0,1,Republic of Uzbekistan,
343,sdmx_data_343.csv,15,5,15,2010,2024,False,1,0,0,0,0,15,Republic of Uzbekistan,
3438,sdmx_data_3438.csv,1,5,4,2021,2024,False,1,0,0,0,0,1,Republic of Uzbekistan,
344,sdmx_data_344.csv,15,5,8,2017,2024,False,1,0,0,0,0,15,Republic of Uzbekistan,
345,sdmx_data_345.csv,1,5,25,2000,2024,False,1,0,0,0,0,1,Republic of Uzbekistan,
346,sdmx_data_346.csv,15,5,8,2017,2024,False,1,0,0,0,0,15,Republic of Uzbekistan,
347,sdmx_data_347.csv,15,5,8,2017,2024,False,1,0,0,0,0,15,Republic of Uzbekistan,
349,sdmx_data_349.csv,1,5,25,2000,2024,False,1,0,0,0,0,1,Republic of Uzbekistan,
3495,sdmx_data_3495.csv,15,5,5,2021,2025,False,1,0,0,0,0,15,Republic of Uzbekistan,
350,sdmx_data_350.csv,15,5,15,2010,2024,False,1,0,0,0,0,15,Republic of Uzbekistan,
352,sdmx_data_352.csv,1,5,16,2010,2025,False,1,0,0,0,0,1,Republic of Uzbekistan,
354,sdmx_data_354.csv,15,5,8,2017,2024,False,1,0,0,0,0,15,Republic of Uzbekistan,
355,sdmx_data_355.csv,1,5,25,2000,2024,False,1,0,0,0,0,1,Republic of Uzbekistan,
357,sdmx_data_357.csv,15,5,17,2010,2026-Q1,False,1,0,0,0,0,15,Republic of Uzbekistan,
359,sdmx_data_359.csv,15,5,8,2017,2024,False,1,0,0,0,0,15,Republic of Uzbekistan,
360,sdmx_data_360.csv,1,5,16,2010,2025,False,1,0,0,0,0,1,Republic of Uzbekistan,
363,sdmx_data_363.csv,1,5,25,2000,2024,False,1,0,0,0,0,1,Republic of Uzbekistan,
365,sdmx_data_365.csv,1,5,16,2010,2025,False,1,0,0,0,0,1,Republic of Uzbekistan,
366,sdmx_data_366.csv,1,5,25,2000,2024,False,1,0,0,0,0,1,Republic of Uzbekistan,
369,sdmx_data_369.csv,15,5,8,2017,2024,False,1,0,0,0,0,15,Republic of Uzbekistan,
370,sdmx_data_370.csv,15,5,8,2017,2024,False,1,0,0,0,0,15,Republic of Uzbekistan,
372,sdmx_data_372.csv,1,5,16,2010,2025,False,1,0,0,0,0,1,Republic of Uzbekistan,
373,sdmx_data_373.csv,1,5,25,2000,2024,False,1,0,0,0,0,1,Republic of Uzbekistan,
374,sdmx_data_374.csv,15,5,17,2010,2026-Q1*,False,1,0,0,0,0,15,Republic of Uzbekistan,
375,sdmx_data_375.csv,15,5,15,2010,2024,False,1,0,0,0,0,15,Republic of Uzbekistan,
376,sdmx_data_376.csv,1,5,15,2010,2024,False,1,0,0,0,0,1,Republic of Uzbekistan,
377,sdmx_data_377.csv,15,5,8,2017,2024,False,1,0,0,0,0,15,Republic of Uzbekistan,
3771,sdmx_data_3771.csv,42,5,160,2013-M01,2026-M04,True,0,0,0,0,0,42,Rice,
3772,sdmx_data_3772.csv,42,5,160,2013-M01,2026-M04,True,0,0,0,0,0,42,Rice,
3773,sdmx_data_3773.csv,42,5,160,2013-M01,2026-M04,True,0,0,0,0,0,42,Rice,
3774,sdmx_data_3774.csv,42,5,160,2013-M01,2026-M04,True,0,0,0,0,0,42,Rice,
3775,sdmx_data_3775.csv,42,5,160,2013-M01,2026-M04,True,0,0,0,0,0,42,Rice,
3776,sdmx_data_3776.csv,42,5,160,2013-M01,2026-M04,True,0,0,0,0,0,42,Rice,
3777,sdmx_data_3777.csv,42,5,160,2013-M01,2026-M04,True,0,0,0,0,0,42,Rice,
3778,sdmx_data_3778.csv,42,5,160,2013-M01,2026-M04,True,0,0,0,0,0,42,Rice,
3779,sdmx_data_3779.csv,41,5,160,2013-M01,2026-M04,True,0,0,0,0,0,41,Rice,
3780,sdmx_data_3780.csv,41,5,160,2013-M01,2026-M04,True,0,0,0,0,0,41,Rice,
3781,sdmx_data_3781.csv,42,5,160,2013-M01,2026-M04,True,0,0,0,0,0,42,Rice,
3782,sdmx_data_3782.csv,42,5,160,2013-M01,2026-M04,True,0,0,0,0,0,42,Rice,
3783,sdmx_data_3783.csv,42,5,160,2013-M01,2026-M04,True,0,0,0,0,0,42,Rice,
3784,sdmx_data_3784.csv,41,5,160,2013-M01,2026-M04,True,0,0,0,0,0,41,Rice,
379,sdmx_data_379.csv,1,5,25,2000,2024,False,1,0,0,0,0,1,Republic of Uzbekistan,
380,sdmx_data_380.csv,1,5,15,2010,2024,False,1,0,0,0,0,1,Republic of Uzbekistan,
382,sdmx_data_382.csv,15,5,8,2017,2024,False,1,0,0,0,0,15,Republic of Uzbekistan,
383,sdmx_data_383.csv,15,5,8,2017,2024,False,1,0,0,0,0,15,Republic of Uzbekistan,
385,sdmx_data_385.csv,15,5,15,2010,2024,False,1,0,0,0,0,15,Republic of Uzbekistan,
386,sdmx_data_386.csv,1,5,25,2000,2024,False,1,0,0,0,0,1,Republic of Uzbekistan,
390,sdmx_data_390.csv,15,5,8,2017,2024,False,1,0,0,0,0,15,Republic of Uzbekistan,
394,sdmx_data_394.csv,15,5,8,2017,2024,False,1,0,0,0,0,15,Republic of Uzbekistan,
395,sdmx_data_395.csv,1,5,25,2000,2024,False,1,0,0,0,0,1,Republic of Uzbekistan,
398,sdmx_data_398.csv,15,5,8,2017,2024,False,1,0,0,0,0,15,Republic of Uzbekistan,
399,sdmx_data_399.csv,1,5,25,2000,2024,False,1,0,0,0,0,1,Republic of Uzbekistan,
400,sdmx_data_400.csv,15,5,15,2010,2024,False,1,0,0,0,0,15,Republic of Uzbekistan,
401,sdmx_data_401.csv,15,5,8,2017,2024,False,1,0,0,0,0,15,Republic of Uzbekistan,
402,sdmx_data_402.csv,15,5,17,2010,2026-Q1,False,1,0,0,0,0,15,Republic of Uzbekistan,
403,sdmx_data_403.csv,15,5,16,2010,2025,False,1,0,0,0,0,15,Republic of Uzbekistan,
404,sdmx_data_404.csv,1,5,25,2000,2024,False,1,0,0,0,0,1,Republic of Uzbekistan,
405,sdmx_data_405.csv,15,5,8,2017,2024,False,1,0,0,0,0,15,Republic of Uzbekistan,
406,sdmx_data_406.csv,221,5,15,2010,2024,False,1,0,0,0,0,221,Republic of Uzbekistan,
407,sdmx_data_407.csv,15,5,15,2010,2024,False,1,0,0,0,0,15,Republic of Uzbekistan,
408,sdmx_data_408.csv,1,5,25,2000,2024,False,1,0,0,0,0,1,Republic of Uzbekistan,
409,sdmx_data_409.csv,15,5,8,2017,2023,False,1,0,0,0,0,15,Republic of Uzbekistan,
410,sdmx_data_410.csv,1,5,16,2010,2025,False,1,0,0,0,0,1,Republic of Uzbekistan,
412,sdmx_data_412.csv,15,5,15,2010,2024,False,1,0,0,0,0,15,Republic of Uzbekistan,
413,sdmx_data_413.csv,15,5,15,2010,2024,False,1,0,0,0,0,15,Republic of Uzbekistan,
415,sdmx_data_415.csv,15,5,15,2010,2024,False,1,0,0,0,0,15,Republic of Uzbekistan,
417,sdmx_data_417.csv,15,5,10,2015,2024,False,1,0,0,0,0,15,Republic of Uzbekistan,
420,sdmx_data_420.csv,15,5,17,2010,2026-Q1,False,1,0,0,0,0,15,Republic of Uzbekistan,
422,sdmx_data_422.csv,15,5,13,2012,2024,False,1,0,0,0,0,15,Republic of Uzbekistan,
425,sdmx_data_425.csv,15,5,15,2010,2024,False,1,0,0,0,0,15,Republic of Uzbekistan,
430,sdmx_data_430.csv,15,5,17,2010,2026-Q1,False,1,0,0,0,0,15,Republic of Uzbekistan,
432,sdmx_data_432.csv,16,5,6,2019,2024,False,0,0,0,0,0,16,Residential buildings,
433,sdmx_data_433.csv,15,5,17,2010,2026-Q1,False,1,0,0,0,0,15,Republic of Uzbekistan,
434,sdmx_data_434.csv,15,5,16,2010,2025,False,1,0,0,0,0,15,Republic of Uzbekistan,
435,sdmx_data_435.csv,15,5,17,2010,2026-Q1,False,1,0,0,0,0,15,Republic of Uzbekistan,
440,sdmx_data_440.csv,15,5,15,2010,2024,False,1,0,0,0,0,15,Republic of Uzbekistan,
443,sdmx_data_443.csv,1,5,16,2010,2025,False,1,0,0,0,0,1,Republic of Uzbekistan,
444,sdmx_data_444.csv,15,5,15,2010,2024,False,1,0,0,0,0,15,Republic of Uzbekistan,
446,sdmx_data_446.csv,1,5,10,2015,2024,False,1,0,0,0,0,1,Republic of Uzbekistan,
449,sdmx_data_449.csv,1,5,16,2010,2025,False,1,0,0,0,0,1,Republic of Uzbekistan,
4500,sdmx_data_4500.csv,36,5,16,2025-М01,2026-М04,False,0,0,0,0,0,36,COMPOSITE INDEX,
4501,sdmx_data_4501.csv,36,5,16,2025-М01,2026-M04,False,0,0,0,0,0,36,COMPOSITE INDEX,
4502,sdmx_data_4502.csv,36,5,16,2025-М01,2026-M04,False,0,0,0,0,0,36,COMPOSITE INDEX,
4503,sdmx_data_4503.csv,36,5,16,2025-М01,2026-M04,False,0,0,0,0,0,36,COMPOSITE INDEX,
4504,sdmx_data_4504.csv,36,5,16,2025-М01,2026-M04,False,0,0,0,0,0,36,COMPOSITE INDEX,
4505,sdmx_data_4505.csv,36,5,16,2025-М01,2026-M04,False,0,0,0,0,0,36,COMPOSITE INDEX,
4506,sdmx_data_4506.csv,36,5,16,2025-М01,2026-M04,False,0,0,0,0,0,36,COMPOSITE INDEX,
4507,sdmx_data_4507.csv,36,5,16,2025-М01,2026-M04,False,0,0,0,0,0,36,COMPOSITE INDEX,
4508,sdmx_data_4508.csv,36,5,16,2025-М01,2026-M04,False,0,0,0,0,0,36,COMPOSITE INDEX,
4509,sdmx_data_4509.csv,36,5,16,2025-М01,2026-M04,False,0,0,0,0,0,36,COMPOSITE INDEX,
4510,sdmx_data_4510.csv,36,5,16,2025-М01,2026-M04,False,0,0,0,0,0,36,COMPOSITE INDEX,
4511,sdmx_data_4511.csv,36,5,16,2025-М01,2026-M04,False,0,0,0,0,0,36,COMPOSITE INDEX,
4512,sdmx_data_4512.csv,36,5,16,2025-М01,2026-M04,False,0,0,0,0,0,36,COMPOSITE INDEX,
4513,sdmx_data_4513.csv,36,5,16,2025-М01,2026-M04,False,0,0,0,0,0,36,COMPOSITE INDEX,
4514,sdmx_data_4514.csv,36,5,16,2025-М01,2026-M04,False,0,0,0,0,0,36,COMPOSITE INDEX,
454,sdmx_data_454.csv,15,5,17,2010,2026-Q1,False,1,0,0,0,0,15,Republic of Uzbekistan,
456,sdmx_data_456.csv,15,5,17,2010,2026-Q1*,False,1,0,0,0,0,15,Republic of Uzbekistan,
457,sdmx_data_457.csv,1,5,16,2010,2025,False,1,0,0,0,0,1,Republic of Uzbekistan,
458,sdmx_data_458.csv,1,5,11,2015,2024,False,1,0,0,0,0,1,Republic of Uzbekistan,
4585,sdmx_data_4585.csv,540,5,28,2024-М01,2026-М04,False,0,0,0,0,0,535,COMPOSITE INDEX,
4586,sdmx_data_4586.csv,540,5,28,2024-М01,2026-М04,False,0,0,0,0,0,535,COMPOSITE INDEX,
4587,sdmx_data_4587.csv,540,5,28,2024-М01,2026-М04,False,0,0,0,0,0,535,COMPOSITE INDEX,
4588,sdmx_data_4588.csv,540,5,28,2024-М01,2026-М04,False,0,0,0,0,0,535,COMPOSITE INDEX,
4589,sdmx_data_4589.csv,540,5,28,2024-М01,2026-М04,False,0,0,0,0,0,535,COMPOSITE INDEX,
4590,sdmx_data_4590.csv,540,5,28,2024-М01,2026-М04,False,0,0,0,0,0,535,COMPOSITE INDEX,
4591,sdmx_data_4591.csv,540,5,28,2024-М01,2026-М04,False,0,0,0,0,0,535,COMPOSITE INDEX,
4592,sdmx_data_4592.csv,540,5,28,2024-М01,2026-М04,False,0,0,0,0,0,535,COMPOSITE INDEX,
4593,sdmx_data_4593.csv,540,5,28,2024-М01,2026-М04,False,0,0,0,0,0,535,COMPOSITE INDEX,
4594,sdmx_data_4594.csv,540,5,28,2024-М01,2026-М04,False,0,0,0,0,0,535,COMPOSITE INDEX,
4595,sdmx_data_4595.csv,540,5,28,2024-М01,2026-М04,False,0,0,0,0,0,535,COMPOSITE INDEX,
4596,sdmx_data_4596.csv,540,5,28,2024-М01,2026-М04,False,0,0,0,0,0,535,COMPOSITE INDEX,
4597,sdmx_data_4597.csv,540,5,28,2024-М01,2026-М04,False,0,0,0,0,0,535,COMPOSITE INDEX,
4598,sdmx_data_4598.csv,540,5,28,2024-М01,2026-М04,False,0,0,0,0,0,535,COMPOSITE INDEX,
4599,sdmx_data_4599.csv,540,5,28,2024-М01,2026-М04,False,0,0,0,0,0,535,COMPOSITE INDEX,
460,sdmx_data_460.csv,1,5,16,2010,2025,False,1,0,0,0,0,1,Republic of Uzbekistan,
461,sdmx_data_461.csv,15,5,17,2010,2026-Q1,False,1,0,0,0,0,15,Republic of Uzbekistan,
463,sdmx_data_463.csv,1,5,16,2010,2025,False,1,0,0,0,0,1,Republic of Uzbekistan,
466,sdmx_data_466.csv,15,5,17,2010,2026-Q1,False,1,0,0,0,0,15,Republic of Uzbekistan,
467,sdmx_data_467.csv,1,5,16,2010,2025,False,1,0,0,0,0,1,Republic of Uzbekistan,
469,sdmx_data_469.csv,15,5,17,2010,2026-Q1,False,1,0,0,0,0,15,Republic of Uzbekistan,
470,sdmx_data_470.csv,15,5,15,2010,2024,False,1,0,0,0,0,15,Republic of Uzbekistan,
472,sdmx_data_472.csv,15,5,25,2000,2024,False,1,0,0,0,0,15,Republic of Uzbekistan,
474,sdmx_data_474.csv,1,5,15,2010,2024,False,1,0,0,0,0,1,Republic of Uzbekistan,
476,sdmx_data_476.csv,15,5,17,2010,2026-Q1,False,1,0,0,0,0,15,Republic of Uzbekistan,
477,sdmx_data_477.csv,15,5,15,2010,2024,False,1,0,0,0,0,15,Republic of Uzbekistan,
479,sdmx_data_479.csv,15,5,25,2000,2024,False,1,0,0,0,0,15,Republic of Uzbekistan,
482,sdmx_data_482.csv,15,5,15,2010,2024,False,1,0,0,0,0,15,Republic of Uzbekistan,
486,sdmx_data_486.csv,15,5,15,2010,2024,False,1,0,0,0,0,15,Republic of Uzbekistan,
487,sdmx_data_487.csv,1,5,25,2000,2024,False,1,0,0,0,0,1,Republic of Uzbekistan,
490,sdmx_data_490.csv,15,5,15,2010,2024,False,1,0,0,0,0,15,Republic of Uzbekistan,
491,sdmx_data_491.csv,15,5,17,2010,2026-Q1,False,1,0,0,0,0,15,Republic of Uzbekistan,
493,sdmx_data_493.csv,15,5,15,2010,2024,False,1,0,0,0,0,15,Republic of Uzbekistan,
494,sdmx_data_494.csv,15,5,15,2010,2024,False,1,0,0,0,0,15,Republic of Uzbekistan,
496,sdmx_data_496.csv,15,5,15,2010,2024,False,1,0,0,0,0,15,Republic of Uzbekistan,
498,sdmx_data_498.csv,1,5,25,2000,2024,False,1,0,0,0,0,1,Republic of Uzbekistan,
499,sdmx_data_499.csv,15,5,15,2010,2024,False,1,0,0,0,0,15,Republic of Uzbekistan,
500,sdmx_data_500.csv,221,5,8,2017,2024,False,1,0,0,0,0,221,Republic of Uzbekistan,
501,sdmx_data_501.csv,15,5,15,2010,2024,False,1,0,0,0,0,15,Republic of Uzbekistan,
505,sdmx_data_505.csv,15,5,15,2010,2024,False,1,0,0,0,0,15,Republic of Uzbekistan,
506,sdmx_data_506.csv,19,5,37,2017-Q1,2026-Q1,False,0,0,0,0,0,19,"Agriculture, forestry and fisheries",
507,sdmx_data_507.csv,1,5,25,2000,2024,False,1,0,0,0,0,1,Republic of Uzbekistan,
508,sdmx_data_508.csv,1,5,16,2010,2025,False,1,0,0,0,0,1,Republic of Uzbekistan,
509,sdmx_data_509.csv,15,5,15,2010,2024,False,1,0,0,0,0,15,Republic of Uzbekistan,
510,sdmx_data_510.csv,1,5,15,2010,2024,False,1,0,0,0,0,1,Republic of Uzbekistan,
512,sdmx_data_512.csv,15,5,15,2010,2024,False,1,0,0,0,0,15,Republic of Uzbekistan,
514,sdmx_data_514.csv,1,5,16,2010,2025,False,1,0,0,0,0,1,Republic of Uzbekistan,
515,sdmx_data_515.csv,221,5,16,2010,2025,False,1,0,0,0,0,221,Republic of Uzbekistan,
516,sdmx_data_516.csv,1,5,15,2010,2024,False,1,0,0,0,0,1,Republic of Uzbekistan,
517,sdmx_data_517.csv,1,5,25,2000,2024,False,1,0,0,0,0,1,Republic of Uzbekistan,
518,sdmx_data_518.csv,15,5,7,2018,2024,False,1,0,0,0,0,15,Republic of Uzbekistan,
519,sdmx_data_519.csv,15,5,7,2018,2024,False,1,0,0,0,0,15,Republic of Uzbekistan,
521,sdmx_data_521.csv,15,5,16,2010,2025,False,1,0,0,0,0,15,Republic of Uzbekistan,
522,sdmx_data_522.csv,221,5,37,2017-Q1,2026-Q1,False,1,0,0,0,0,221,Republic of Uzbekistan,
523,sdmx_data_523.csv,1,5,16,2010,2025,False,1,0,0,0,0,1,Republic of Uzbekistan,
525,sdmx_data_525.csv,1,5,25,2000,2024,False,1,0,0,0,0,1,Republic of Uzbekistan,
528,sdmx_data_528.csv,1,5,16,2010,2025,False,1,0,0,0,0,1,Republic of Uzbekistan,
530,sdmx_data_530.csv,15,5,7,2018,2024,False,1,0,0,0,0,15,Republic of Uzbekistan,
532,sdmx_data_532.csv,15,5,16,2010,2025,False,1,0,0,0,0,15,Republic of Uzbekistan,
536,sdmx_data_536.csv,1,5,25,2000,2024,False,1,0,0,0,0,1,Republic of Uzbekistan,
538,sdmx_data_538.csv,1,5,16,2010,2025,False,1,0,0,0,0,1,Republic of Uzbekistan,
541,sdmx_data_541.csv,15,5,25,2000,2024,False,1,0,0,0,0,15,Republic of Uzbekistan,
543,sdmx_data_543.csv,1,5,16,2010,2025,False,1,0,0,0,0,1,Republic of Uzbekistan,
545,sdmx_data_545.csv,1,5,16,2010,2025,False,1,0,0,0,0,1,Republic of Uzbekistan,
549,sdmx_data_549.csv,1,5,16,2010,2025,False,1,0,0,0,0,1,Republic of Uzbekistan,
550,sdmx_data_550.csv,1,5,25,2000,2024,False,1,0,0,0,0,1,Republic of Uzbekistan,
551,sdmx_data_551.csv,15,5,16,2010,2025,False,1,0,0,0,0,15,Republic of Uzbekistan,
552,sdmx_data_552.csv,221,5,15,2010,2024,False,1,0,0,0,0,221,Republic of Uzbekistan,
554,sdmx_data_554.csv,221,5,16,2010,2025,False,1,0,0,0,0,221,Republic of Uzbekistan,
555,sdmx_data_555.csv,15,5,15,2010,2024,False,1,0,0,0,0,15,Republic of Uzbekistan,
558,sdmx_data_558.csv,1,5,16,2010,2025,False,1,0,0,0,0,1,Republic of Uzbekistan,
559,sdmx_data_559.csv,1,5,16,2010,2025,False,1,0,0,0,0,1,Republic of Uzbekistan,
560,sdmx_data_560.csv,1,5,25,2000,2024,False,1,0,0,0,0,1,Republic of Uzbekistan,
561,sdmx_data_561.csv,222,5,13,2013,2025,False,1,0,0,0,0,222,Republic of Uzbekistan,
562,sdmx_data_562.csv,29,5,87,2019-M01,2026-M03,True,0,0,0,0,0,29,Industrial production,
563,sdmx_data_563.csv,1,5,25,2000,2024,False,1,0,0,0,0,1,Republic of Uzbekistan,
565,sdmx_data_565.csv,1,5,16,2010,2025,False,1,0,0,0,0,1,Republic of Uzbekistan,
566,sdmx_data_566.csv,221,5,16,2010,2025,False,1,0,0,0,0,221,Republic of Uzbekistan,
567,sdmx_data_567.csv,221,5,16,2010,2025,False,1,0,0,0,0,221,Republic of Uzbekistan,
568,sdmx_data_568.csv,1,5,16,2010,2025,False,1,0,0,0,0,1,Republic of Uzbekistan,
569,sdmx_data_569.csv,221,5,15,2010,2024,False,1,0,0,0,0,221,Republic of Uzbekistan,
571,sdmx_data_571.csv,29,5,15,2010,2024,False,0,0,0,0,0,29,Industrial production,
573,sdmx_data_573.csv,1,5,25,2000,2024,False,1,0,0,0,0,1,Republic of Uzbekistan,
579,sdmx_data_579.csv,1,5,16,2010,2025,False,1,0,0,0,0,1,Republic of Uzbekistan,
581,sdmx_data_581.csv,221,5,13,2010,2022,False,1,0,0,0,0,221,Republic of Uzbekistan,
585,sdmx_data_585.csv,1,5,16,2010,2025,False,1,0,0,0,0,1,Republic of Uzbekistan,
588,sdmx_data_588.csv,1,5,15,2010,2024,False,1,0,0,0,0,1,Republic of Uzbekistan,
589,sdmx_data_589.csv,222,5,13,2013,2025,False,1,0,0,0,0,222,Republic of Uzbekistan,
590,sdmx_data_590.csv,29,5,87,2019-M01,2026-M03,True,0,0,0,0,0,29,Industrial production,
592,sdmx_data_592.csv,1,5,25,2000,2024,False,1,0,0,0,0,1,Republic of Uzbekistan,
594,sdmx_data_594.csv,1,5,25,2000,2024,False,1,0,0,0,0,1,Republic of Uzbekistan,
596,sdmx_data_596.csv,1,5,16,2010,2025,False,1,0,0,0,0,1,Republic of Uzbekistan,
599,sdmx_data_599.csv,15,5,26,2000,2024,False,1,0,0,0,0,15,Republic of Uzbekistan,
600,sdmx_data_600.csv,222,5,13,2013,2025,False,1,0,0,0,0,222,Republic of Uzbekistan,
602,sdmx_data_602.csv,221,5,13,2010,2022,False,1,0,0,0,0,221,Republic of Uzbekistan,
603,sdmx_data_603.csv,1,5,16,2010,2025,False,1,0,0,0,0,1,Republic of Uzbekistan,
604,sdmx_data_604.csv,29,5,15,2010,2024,False,0,0,0,0,0,29,Industrial production,
606,sdmx_data_606.csv,1,5,16,2010,2025,False,1,0,0,0,0,1,Republic of Uzbekistan,
607,sdmx_data_607.csv,222,5,13,2013,2025,False,1,0,0,0,0,222,Republic of Uzbekistan,
611,sdmx_data_611.csv,4,5,13,2010,2022,False,0,0,0,0,0,4,Consumer products,
612,sdmx_data_612.csv,1,5,16,2010,2025,False,1,0,0,0,0,1,Republic of Uzbekistan,
614,sdmx_data_614.csv,1,5,25,2000,2024,False,1,0,0,0,0,1,Republic of Uzbekistan,
617,sdmx_data_617.csv,222,5,13,2013,2025,False,1,0,0,0,0,222,Republic of Uzbekistan,
618,sdmx_data_618.csv,1,5,25,2000,2024,False,1,0,0,0,0,1,Republic of Uzbekistan,
619,sdmx_data_619.csv,1,5,16,2010,2025,False,1,0,0,0,0,1,Republic of Uzbekistan,
622,sdmx_data_622.csv,1,5,25,2000,2024,False,1,0,0,0,0,1,Republic of Uzbekistan,
623,sdmx_data_623.csv,4,5,13,2010,2022,False,0,0,0,0,0,4,Consumer products,
624,sdmx_data_624.csv,1,5,16,2010,2025,False,1,0,0,0,0,1,Republic of Uzbekistan,
626,sdmx_data_626.csv,222,5,13,2013,2025,False,1,0,0,0,0,222,Republic of Uzbekistan,
630,sdmx_data_630.csv,15,5,13,2010,2022,False,1,0,0,0,0,15,Republic of Uzbekistan,
632,sdmx_data_632.csv,222,5,13,2013,2025,False,1,0,0,0,0,222,Republic of Uzbekistan,
634,sdmx_data_634.csv,1,5,25,2000,2024,False,1,0,0,0,0,1,Republic of Uzbekistan,
638,sdmx_data_638.csv,222,5,13,2013,2025,False,1,0,0,0,0,222,Republic of Uzbekistan,
643,sdmx_data_643.csv,222,5,13,2013,2025,False,1,0,0,0,0,222,Republic of Uzbekistan,
644,sdmx_data_644.csv,1,5,25,2000,2024,False,1,0,0,0,0,1,Republic of Uzbekistan,
645,sdmx_data_645.csv,1,5,25,2000,2024,False,1,0,0,0,0,1,Republic of Uzbekistan,
646,sdmx_data_646.csv,1,5,25,2000,2024,False,1,0,0,0,0,1,Republic of Uzbekistan,
647,sdmx_data_647.csv,222,5,13,2013,2025,False,1,0,0,0,0,222,Republic of Uzbekistan,
648,sdmx_data_648.csv,1,5,25,2000,2024,False,1,0,0,0,0,1,Republic of Uzbekistan,
650,sdmx_data_650.csv,222,5,13,2013,2025,False,1,0,0,0,0,222,Republic of Uzbekistan,
666,sdmx_data_666.csv,1,5,25,2000,2024,False,1,0,0,0,0,1,Republic of Uzbekistan,
668,sdmx_data_668.csv,1,5,25,2000,2024,False,1,0,0,0,0,1,Republic of Uzbekistan,
670,sdmx_data_670.csv,14,5,25,2000,2024,False,1,0,0,0,0,14,Republic of Uzbekistan,
671,sdmx_data_671.csv,1,5,25,2000,2024,False,1,0,0,0,0,1,Republic of Uzbekistan,
673,sdmx_data_673.csv,1,5,25,2000,2024,False,1,0,0,0,0,1,Republic of Uzbekistan,
675,sdmx_data_675.csv,1,5,25,2000,2024,False,1,0,0,0,0,1,Republic of Uzbekistan,
677,sdmx_data_677.csv,1,5,25,2000,2024,False,1,0,0,0,0,1,Republic of Uzbekistan,
679,sdmx_data_679.csv,1,5,25,2000,2024,False,1,0,0,0,0,1,Republic of Uzbekistan,
682,sdmx_data_682.csv,1,5,25,2000,2024,False,1,0,0,0,0,1,Republic of Uzbekistan,
683,sdmx_data_683.csv,1,5,25,2000,2024,False,1,0,0,0,0,1,Republic of Uzbekistan,
685,sdmx_data_685.csv,1,5,25,2000,2024,False,1,0,0,0,0,1,Republic of Uzbekistan,
686,sdmx_data_686.csv,1,5,25,2000,2024,False,1,0,0,0,0,1,Republic of Uzbekistan,
964,sdmx_data_964.csv,15,5,75,2020-M01,2026-M03,True,1,0,0,0,0,15,Republic of Uzbekistan,
