sector_ru,Уголь,Газ природный,"Нефть, включая газовый конденсат",Бензин моторный,Топливо дизельное,Мазут,Газы углеводородные сжиженные,Керосин,Кокс,Прочие виды нефтепродуктов,Электроэнергия,Теплоэнергия,Всего,sector_en,electricity_ktoe,electricity_gwh,electricity_twh,source,source_url,unit_note
Производство,2601.360297979789,33723.08533404738,1901.585268877802,0.0,0.0,0.0,0.0,0.0,0.0,0.0,1045.9957441734787,0.0,39272.02664507845,Production (primary),1045.9957441734787,12164.930504737558,12.164930504737558,UzStat — Pilot Fuel-Energy Balance 2024 (preliminary),https://stat.uz/en/official-statistics/energy-efficiency-and-fuel-balance,Original ktoe; electricity_gwh = ktoe × 11.63 (IEA physical-content)
Импорт (+),1543.6043639872,17090.98858649812,778.4561099179872,829.3910860730097,122.22899616149081,180.01517042000003,153.42694525290005,34.67876745880613,22.068442557,400.5900014683,346.84766543059305,0.0,21502.296135225406,Imports,346.84766543059305,4033.8383489577973,4.033838348957797,UzStat — Pilot Fuel-Energy Balance 2024 (preliminary),https://stat.uz/en/official-statistics/energy-efficiency-and-fuel-balance,Original ktoe; electricity_gwh = ktoe × 11.63 (IEA physical-content)
Экспорт (-),-37.48349650781,-4909.76244588956,0.0,-303.97226594057,-0.46128172065061784,-0.1712758,-8.206572000000001,-158.15474055521585,-17.199,-392.09000249999997,-222.5402861173333,0.0,-6050.041367031139,Exports,-222.5402861173333,-2588.1435275445865,-2.5881435275445863,UzStat — Pilot Fuel-Energy Balance 2024 (preliminary),https://stat.uz/en/official-statistics/energy-efficiency-and-fuel-balance,Original ktoe; electricity_gwh = ktoe × 11.63 (IEA physical-content)
"Изменение остатков (+,–)",-442.87997886000005,-1484.46213921586,5.444000768692799,25.15224818,30.358619558326275,-14.44543713,1.2096348000000008,16.808456579392317,-0.063,-8.4,0.0,0.0,-1871.277595319449,Stock changes,0.0,0.0,0.0,UzStat — Pilot Fuel-Energy Balance 2024 (preliminary),https://stat.uz/en/official-statistics/energy-efficiency-and-fuel-balance,Original ktoe; electricity_gwh = ktoe × 11.63 (IEA physical-content)
Общие предложение первичной энергии (=),3664.6011865991795,44419.84933544008,2685.4853795644817,550.5710683124396,152.12633399916646,165.39845749000006,146.43000805290006,-106.6675165170174,4.806442557,0.09999896830001909,1170.3031234867383,0.0,52853.003817953264,Total primary supply,1170.3031234867383,13610.625326150766,13.610625326150766,UzStat — Pilot Fuel-Energy Balance 2024 (preliminary),https://stat.uz/en/official-statistics/energy-efficiency-and-fuel-balance,Original ktoe; electricity_gwh = ktoe × 11.63 (IEA physical-content)
Передачи,0.0,0.0,0.0,0.0,0.0,0.0,0.0,0.0,0.0,0.0,0.0,0.0,0.0,Transfers,0.0,0.0,0.0,UzStat — Pilot Fuel-Energy Balance 2024 (preliminary),https://stat.uz/en/official-statistics/energy-efficiency-and-fuel-balance,Original ktoe; electricity_gwh = ktoe × 11.63 (IEA physical-content)
Статистическое расхождение,0.11849762727024427,0.06311067856222508,-1.0027605155897854,-0.06744969155215585,0.1704151639835345,-0.17280191000006084,0.21484788709881286,0.18936025919634858,0.23355744300000048,-0.10999896830001908,-0.21038083923940576,0.14853082100012216,-0.42507204457013903,Statistical discrepancy,-0.21038083923940576,-2.4467291603542893,-0.0024467291603542892,UzStat — Pilot Fuel-Energy Balance 2024 (preliminary),https://stat.uz/en/official-statistics/energy-efficiency-and-fuel-balance,Original ktoe; electricity_gwh = ktoe × 11.63 (IEA physical-content)
Электростанции,0.0,0.0,0.0,0.0,0.0,0.0,0.0,0.0,0.0,0.0,0.0,0.0,0.0,Power plants (electricity-only),0.0,0.0,0.0,UzStat — Pilot Fuel-Energy Balance 2024 (preliminary),https://stat.uz/en/official-statistics/energy-efficiency-and-fuel-balance,Original ktoe; electricity_gwh = ktoe × 11.63 (IEA physical-content)
Тепло-электроцентрали,-1764.52604105,-12175.359238000001,0.0,0.0,-1.4125066320579012,-208.666,0.0,0.0,0.0,0.0,4485.470068845728,1733.8100000000002,-7930.683716836328,CHP plants,4485.470068845728,52166.016900675815,52.166016900675814,UzStat — Pilot Fuel-Energy Balance 2024 (preliminary),https://stat.uz/en/official-statistics/energy-efficiency-and-fuel-balance,Original ktoe; electricity_gwh = ktoe × 11.63 (IEA physical-content)
Теплоцентрали,0.0,-1081.85009570848,0.0,0.0,-1.018866147348814,-14.35049511,0.0,0.0,0.0,0.0,-105.47553934608244,0.0,-1202.6949963119114,Heat plants,-105.47553934608244,-1226.6805225949388,-1.2266805225949389,UzStat — Pilot Fuel-Energy Balance 2024 (preliminary),https://stat.uz/en/official-statistics/energy-efficiency-and-fuel-balance,Original ktoe; electricity_gwh = ktoe × 11.63 (IEA physical-content)
Газовые заводы,0.0,0.0,0.0,0.0,0.0,0.0,0.0,0.0,0.0,0.0,0.0,0.0,0.0,Gas plants,0.0,0.0,0.0,UzStat — Pilot Fuel-Energy Balance 2024 (preliminary),https://stat.uz/en/official-statistics/energy-efficiency-and-fuel-balance,Original ktoe; electricity_gwh = ktoe × 11.63 (IEA physical-content)
Нефтеперерабатывающие (химич) заводы,0.0,-886.83495222,-2602.3333674494193,1403.340310255163,1545.1658260533156,226.70258,973.7816,397.7807385353955,0.0,0.0,0.0,0.0,1057.6027351744547,Refineries,0.0,0.0,0.0,UzStat — Pilot Fuel-Energy Balance 2024 (preliminary),https://stat.uz/en/official-statistics/energy-efficiency-and-fuel-balance,Original ktoe; electricity_gwh = ktoe × 11.63 (IEA physical-content)
Преобразавание угля (брикет и дом.печи),-0.46657953,0.0,0.0,0.0,0.0,0.0,0.0,0.0,0.0,0.0,0.0,0.0,-0.46657953,Coal transformation,0.0,0.0,0.0,UzStat — Pilot Fuel-Energy Balance 2024 (preliminary),https://stat.uz/en/official-statistics/energy-efficiency-and-fuel-balance,Original ktoe; electricity_gwh = ktoe × 11.63 (IEA physical-content)
Газ-в-жидкость и сжижение угля,0.0,0.0,0.0,0.0,0.0,0.0,0.0,0.0,0.0,0.0,0.0,0.0,0.0,Gas-to-liquid / coal liquefaction,0.0,0.0,0.0,UzStat — Pilot Fuel-Energy Balance 2024 (preliminary),https://stat.uz/en/official-statistics/energy-efficiency-and-fuel-balance,Original ktoe; electricity_gwh = ktoe × 11.63 (IEA physical-content)
Прочие (преобразование и переработка топлива),0.0,0.0,0.0,115.188924,0.0,0.0,0.0,0.0,0.0,0.0,0.0,0.0,115.188924,Other transformation,0.0,0.0,0.0,UzStat — Pilot Fuel-Energy Balance 2024 (preliminary),https://stat.uz/en/official-statistics/energy-efficiency-and-fuel-balance,Original ktoe; electricity_gwh = ktoe × 11.63 (IEA physical-content)
Собственное использование сектором энергетики,0.07136144999999999,0.0,-13.065001844778,-6.881150379,0.713868730237893,0.0,0.0,0.0,0.0,0.01,-144.62244159494932,0.0,-163.77336363848943,Own use by energy sector,-144.62244159494932,-1681.9589957492608,-1.6819589957492609,UzStat — Pilot Fuel-Energy Balance 2024 (preliminary),https://stat.uz/en/official-statistics/energy-efficiency-and-fuel-balance,Original ktoe; electricity_gwh = ktoe × 11.63 (IEA physical-content)
Потери,-0.6474334500000001,-124.32811841128,-64.18980906359975,-1.72382243,-0.9904710632559507,0.0,-2.2492613,0.0,0.0,0.0,-181.1266387569922,-61.25,-436.5055544751279,Losses,-181.1266387569922,-2106.5028087438195,-2.1065028087438193,UzStat — Pilot Fuel-Energy Balance 2024 (preliminary),https://stat.uz/en/official-statistics/energy-efficiency-and-fuel-balance,Original ktoe; electricity_gwh = ktoe × 11.63 (IEA physical-content)
Общее потребление,1899.1509916464497,30151.54004177888,4.894440691094927,2060.427880067051,1694.754600104041,168.91174047,1118.177194639999,291.30258227757446,5.04,0.0,5618.314009152267,1672.7085308210003,44685.22201164836,TOTAL FINAL CONSUMPTION,5618.314009152267,65340.991926440875,65.34099192644088,UzStat — Pilot Fuel-Energy Balance 2024 (preliminary),https://stat.uz/en/official-statistics/energy-efficiency-and-fuel-balance,Original ktoe; electricity_gwh = ktoe × 11.63 (IEA physical-content)
Сектор промышленности,803.04461051745,4156.624278726058,4.894440691094927,14.799684792290304,188.9940810366524,12.35518961,341.1279062400001,0.3814862074806521,0.0,0.0,2248.630546000541,3.3376137,7774.189837521566,Industry — total,2248.630546000541,26151.573249986293,26.151573249986292,UzStat — Pilot Fuel-Energy Balance 2024 (preliminary),https://stat.uz/en/official-statistics/energy-efficiency-and-fuel-balance,Original ktoe; electricity_gwh = ktoe × 11.63 (IEA physical-content)
Горнодобыв. промышленность и разраб. карьеров,4.70242,427.6550796599199,0.0,1.1714700260000002,57.07072162185642,0.6096360000000001,0.03597,0.26588010968758863,0.0,0.0,82.48258585940901,0.0024335000000000003,573.996196776873,Industry — Mining & quarrying,82.48258585940901,959.2724735449269,0.959272473544927,UzStat — Pilot Fuel-Energy Balance 2024 (preliminary),https://stat.uz/en/official-statistics/energy-efficiency-and-fuel-balance,Original ktoe; electricity_gwh = ktoe × 11.63 (IEA physical-content)
Химическая (кроме нефтехимическая) промышленность,0.0031518730000000003,1993.1750419173597,0.0,3.7960678840615,77.8248787361617,0.0,0.8501141000000001,0.0009571995987388903,0.0,0.0,302.3450766680806,0.5431462000000001,2378.5384345782627,Industry — Chemicals,302.3450766680806,3516.2732416497774,3.5162732416497775,UzStat — Pilot Fuel-Energy Balance 2024 (preliminary),https://stat.uz/en/official-statistics/energy-efficiency-and-fuel-balance,Original ktoe; electricity_gwh = ktoe × 11.63 (IEA physical-content)
Металлургическая  промышленность,0.112158743,97.27303545792,0.0,1.8299782,0.7842122514530983,0.311888,0.0809963,0.001265021496130692,0.0,0.0,574.6248905837348,0.36678000000000005,675.385204557604,Industry — Metallurgy,574.6248905837348,6682.887477488836,6.682887477488836,UzStat — Pilot Fuel-Energy Balance 2024 (preliminary),https://stat.uz/en/official-statistics/energy-efficiency-and-fuel-balance,Original ktoe; electricity_gwh = ktoe × 11.63 (IEA physical-content)
Неметаллические минеральные продукты,794.09187460345,620.5490174223199,0.0,1.57417237771885,2.008958945587754,1.10770033,1.5412775400000003,0.005903433648609896,0.0,0.0,254.30426670341632,0.4701804000000001,1675.6533517561413,"Industry — Non-metallic minerals (cement, glass)",254.30426670341632,2957.558621760732,2.957558621760732,UzStat — Pilot Fuel-Energy Balance 2024 (preliminary),https://stat.uz/en/official-statistics/energy-efficiency-and-fuel-balance,Original ktoe; electricity_gwh = ktoe × 11.63 (IEA physical-content)
Машиностроение,0.007801000000000001,198.60463823619997,0.0,1.95935033477725,0.911737873096807,0.022119,1.4999523000000001,0.0,0.0,0.0,181.25622904257088,0.0188754,384.28070318664487,Industry — Machinery,181.25622904257088,2108.0099437650993,2.1080099437650994,UzStat — Pilot Fuel-Energy Balance 2024 (preliminary),https://stat.uz/en/official-statistics/energy-efficiency-and-fuel-balance,Original ktoe; electricity_gwh = ktoe × 11.63 (IEA physical-content)
"Пищевая промышленность, производство напитков и табачных изделий",0.12395315000000001,194.02427259011966,0.0,2.109688180709751,36.86654337415844,0.0,4.1023367,0.0,0.0,0.0,248.42666278326564,1.9236205999999996,487.5770773782535,"Industry — Food, beverages, tobacco",248.42666278326564,2889.2020881693797,2.88920208816938,UzStat — Pilot Fuel-Energy Balance 2024 (preliminary),https://stat.uz/en/official-statistics/energy-efficiency-and-fuel-balance,Original ktoe; electricity_gwh = ktoe × 11.63 (IEA physical-content)
Целлюлозно-бумажная и полиграфическая промышленность,3.8158175970000006,54.65573161612229,0.0,0.6984637719531,0.5141796145783909,0.0,0.008849500000000001,0.0632510748065346,0.0,0.0,24.906036637141877,0.00092,84.66324981160218,"Industry — Pulp, paper & printing",24.906036637141877,289.65720608996,0.28965720608996004,UzStat — Pilot Fuel-Energy Balance 2024 (preliminary),https://stat.uz/en/official-statistics/energy-efficiency-and-fuel-balance,Original ktoe; electricity_gwh = ktoe × 11.63 (IEA physical-content)
Текстильная и кожевенная промышленность,0.028938751,477.64303306461596,4.863440686717728,0.7294765133667,3.8900340049847735,0.00184628,2.5774155000000007,0.042964346746918736,0.0,0.0,503.8355481240049,0.0074447,993.620141971437,Industry — Textile & leather,503.8355481240049,5859.607424682177,5.859607424682177,UzStat — Pilot Fuel-Energy Balance 2024 (preliminary),https://stat.uz/en/official-statistics/energy-efficiency-and-fuel-balance,Original ktoe; electricity_gwh = ktoe × 11.63 (IEA physical-content)
Др. отрасли промышленности,0.15849480000000002,93.04442876148002,0.031000004377199998,0.9310175037031501,9.122814614775042,10.302,330.43099430000007,0.001265021496130692,0.0,0.0,76.44924959891702,0.0042129,520.4754775047486,Industry — Other branches,76.44924959891702,889.104772835405,0.889104772835405,UzStat — Pilot Fuel-Energy Balance 2024 (preliminary),https://stat.uz/en/official-statistics/energy-efficiency-and-fuel-balance,Original ktoe; electricity_gwh = ktoe × 11.63 (IEA physical-content)
Сектор транспорта,0.69435785,4162.42406293616,0.0,1892.5970774686962,1110.0808862429344,0.017877,44.8255544,276.30177844654537,5.04,0.0,113.54945173229503,0.0,7605.531046076632,Transport — total,113.54945173229503,1320.5801236465913,1.3205801236465913,UzStat — Pilot Fuel-Energy Balance 2024 (preliminary),https://stat.uz/en/official-statistics/energy-efficiency-and-fuel-balance,Original ktoe; electricity_gwh = ktoe × 11.63 (IEA physical-content)
Железные дороги,0.41196165000000007,0.8864906048599999,0.0,2.2812507,6.031506907666974,0.017877,0.0,0.0,0.0,0.0,35.485190096923624,0.0,45.1142769594506,Transport — Rail,35.485190096923624,412.6927608272218,0.4126927608272218,UzStat — Pilot Fuel-Energy Balance 2024 (preliminary),https://stat.uz/en/official-statistics/energy-efficiency-and-fuel-balance,Original ktoe; electricity_gwh = ktoe × 11.63 (IEA physical-content)
автомобильный транспорт,0.0,4161.5375723313,0.0,1884.960156838696,1104.0493793352675,0.0,44.8255544,0.0,0.0,0.0,0.767325892176,0.0,7196.139988797439,Transport — Road,0.767325892176,8.92400012600688,0.008924000126006882,UzStat — Pilot Fuel-Energy Balance 2024 (preliminary),https://stat.uz/en/official-statistics/energy-efficiency-and-fuel-balance,Original ktoe; electricity_gwh = ktoe × 11.63 (IEA physical-content)
"прочие виды транспорта (водный, воздушный, городской электрический)",0.0,0.0,0.0,2.20444824,0.0,0.0,0.0,276.30177844654537,5.04,0.0,8.405276730892309,0.0,291.95150341743766,Transport — Water + air,8.405276730892309,97.75336838027756,0.09775336838027757,UzStat — Pilot Fuel-Energy Balance 2024 (preliminary),https://stat.uz/en/official-statistics/energy-efficiency-and-fuel-balance,Original ktoe; electricity_gwh = ktoe × 11.63 (IEA physical-content)
Транспортировк а по трубопроводам,0.0,0.0,0.0,0.0,0.0,0.0,0.0,0.0,0.0,0.0,39.421537443992385,0.0,39.421537443992385,Transport — Pipelines,39.421537443992385,458.4724804736315,0.4584724804736315,UzStat — Pilot Fuel-Energy Balance 2024 (preliminary),https://stat.uz/en/official-statistics/energy-efficiency-and-fuel-balance,Original ktoe; electricity_gwh = ktoe × 11.63 (IEA physical-content)
Автоперевозки,0.2823962,0.0,0.0,3.15122169,0.0,0.0,0.0,0.0,0.0,0.0,29.470121568310713,0.0,32.90373945831071,Transport — Auto-haul,29.470121568310713,342.73751383945364,0.34273751383945367,UzStat — Pilot Fuel-Energy Balance 2024 (preliminary),https://stat.uz/en/official-statistics/energy-efficiency-and-fuel-balance,Original ktoe; electricity_gwh = ktoe × 11.63 (IEA physical-content)
Другие,1095.4120232789999,21832.49170011666,0.0,153.0311178060645,395.67963282445413,156.53867386000002,732.2237339999989,14.61931762354843,0.0,0.0,3256.1340114194318,1669.3709171210003,29305.50112805016,Other sectors — total,3256.1340114194318,37868.838552807996,37.86883855280799,UzStat — Pilot Fuel-Energy Balance 2024 (preliminary),https://stat.uz/en/official-statistics/energy-efficiency-and-fuel-balance,Original ktoe; electricity_gwh = ktoe × 11.63 (IEA physical-content)
Население,635.5663,9753.963828,0.0,0.0,0.0,0.0,689.6266299999988,1.1279163580108873,0.0,0.0,1400.9572761013792,1205.24,13686.481950459389,Households (residential),1400.9572761013792,16293.133121059042,16.293133121059043,UzStat — Pilot Fuel-Energy Balance 2024 (preliminary),https://stat.uz/en/official-statistics/energy-efficiency-and-fuel-balance,Original ktoe; electricity_gwh = ktoe × 11.63 (IEA physical-content)
Строительство,2.75016185,338.581166,0.0,39.1886604060645,3.8423526763329727,0.0,0.0,0.9606889496990507,0.0,0.0,51.673588777782406,0.5266163999999999,437.5232350598789,Construction,51.673588777782406,600.9638374856095,0.6009638374856094,UzStat — Pilot Fuel-Energy Balance 2024 (preliminary),https://stat.uz/en/official-statistics/energy-efficiency-and-fuel-balance,Original ktoe; electricity_gwh = ktoe × 11.63 (IEA physical-content)
Коммерческие предприятия и государственные учреждения,435.107564,10867.828834165099,0.0,100.94218644000001,66.93156695328199,156.53766386,42.3801312,0.0,0.0,0.0,656.5559149455479,441.40000000000003,12767.683861563926,Commercial & government services,656.5559149455479,7635.745290816722,7.635745290816723,UzStat — Pilot Fuel-Energy Balance 2024 (preliminary),https://stat.uz/en/official-statistics/energy-efficiency-and-fuel-balance,Original ktoe; electricity_gwh = ktoe × 11.63 (IEA physical-content)
Сельское хозяйство,10.066358214000003,232.19581010317998,0.0,37.92237504,321.99682938736254,0.00101,0.1353,0.0016129024075666324,0.0,0.0,819.4455071853598,0.19608910000000004,1421.96089193231,Agriculture,819.4455071853598,9530.151248565735,9.530151248565735,UzStat — Pilot Fuel-Energy Balance 2024 (preliminary),https://stat.uz/en/official-statistics/energy-efficiency-and-fuel-balance,Original ktoe; electricity_gwh = ktoe × 11.63 (IEA physical-content)
Рыболовство,0.0,0.2588655643,0.0,0.09444462000000002,0.22452074572943614,0.0,0.08167280000000002,0.0,0.0,0.0,2.6715182664406716,0.0212606,3.352282596470108,Fisheries,2.6715182664406716,31.06975743870501,0.03106975743870501,UzStat — Pilot Fuel-Energy Balance 2024 (preliminary),https://stat.uz/en/official-statistics/energy-efficiency-and-fuel-balance,Original ktoe; electricity_gwh = ktoe × 11.63 (IEA physical-content)
Неспецифицированные другие секторы,11.921639215,639.6631962840817,0.0,-25.116548700000003,2.6843630617471983,0.0,0.0,12.529099413430925,0.0,0.0,324.8302061429218,21.986951020999996,988.4989064381815,Unspecified other,324.8302061429218,3777.7752974421805,3.7777752974421803,UzStat — Pilot Fuel-Energy Balance 2024 (preliminary),https://stat.uz/en/official-statistics/energy-efficiency-and-fuel-balance,Original ktoe; electricity_gwh = ktoe × 11.63 (IEA physical-content)
