iso_code,country,year,electricity_demand,electricity_generation,electricity_demand_per_capita,fossil_electricity,renewables_electricity,low_carbon_electricity,coal_electricity,gas_electricity,hydro_electricity,solar_electricity,wind_electricity,primary_energy_consumption,energy_per_capita,gas_consumption,coal_consumption,oil_consumption,gdp_const2015_usd,gdp_pc_const2015_usd,industry_va_const2015_usd,mfg_va_const2015_usd,services_va_const2015_usd,agri_va_const2015_usd,population_total,urban_pop_pct,td_losses_pct
KAZ,Kazakhstan,1960,,,,,,,,,,,,,,,,,,,,,,,9429981.0,44.7324092180001,
KAZ,Kazakhstan,1961,,,,,,,,,,,,,,,,,,,,,,,9742085.0,45.3925045262029,
KAZ,Kazakhstan,1962,,,,,,,,,,,,,,,,,,,,,,,10058928.0,46.0424759886721,
KAZ,Kazakhstan,1963,,,,,,,,,,,,,,,,,,,,,,,10377466.0,46.6788642175969,
KAZ,Kazakhstan,1964,,,,,,,,,,,,,,,,,,,,,,,10690309.0,47.2982098251666,
KAZ,Kazakhstan,1965,,,,,,,,,,,,,,,,,,,,,,,10993183.0,47.8970534235706,
KAZ,Kazakhstan,1966,,,,,,,,,,,,,,,,,,,,,,,11288989.0,48.4719356249982,
KAZ,Kazakhstan,1967,,,,,,,,,,,,,,,,,,,,,,,11584428.0,49.0193970416385,
KAZ,Kazakhstan,1968,,,,,,,,,,,,,,,,,,,,,,,11879182.0,49.535978285681,
KAZ,Kazakhstan,1969,,,,,,,,,,,,,,,,,,,,,,,12156212.0,50.018219969315,
KAZ,Kazakhstan,1970,,,,,,,,,,,,,,,,,,,,,,,12419057.0,50.4613362061313,
KAZ,Kazakhstan,1971,,,,,,,,,,,,,,,,,,,,,,,12684813.0,50.8717121225821,
KAZ,Kazakhstan,1972,,,,,,,,,,,,,,,,,,,,,,,12951798.0,51.2513244419389,
KAZ,Kazakhstan,1973,,,,,,,,,,,,,,,,,,,,,,,13208121.0,51.608530815696,
KAZ,Kazakhstan,1974,,,,,,,,,,,,,,,,,,,,,,,13454570.0,51.9501425639142,
KAZ,Kazakhstan,1975,,,,,,,,,,,,,,,,,,,,,,,13700843.0,52.2829710066543,
KAZ,Kazakhstan,1976,,,,,,,,,,,,,,,,,,,,,,,13998738.0,52.6138274639771,
KAZ,Kazakhstan,1977,,,,,,,,,,,,,,,,,,,,,,,14353265.0,52.9495232559436,
KAZ,Kazakhstan,1978,,,,,,,,,,,,,,,,,,,,,,,14711497.0,53.2968697026145,
KAZ,Kazakhstan,1979,,,,,,,,,,,,,,,,,,,,,,,14978696.0,53.6724488047352,
KAZ,Kazakhstan,1980,,,,,,,,,,,,,,,,,,,,,,,15152949.0,54.0979508522279,
KAZ,Kazakhstan,1981,,,,,,,,,,,,,,,,,,,,,,,15323082.0,54.5728602107034,
KAZ,Kazakhstan,1982,,,,,,,,,,,,,,,,,,,,,,,15492595.0,55.0696601222248,
KAZ,Kazakhstan,1983,,,,,,,,,,,,,,,,,,,,,,,15665551.0,55.5652784663909,
KAZ,Kazakhstan,1984,,,,,,,,,,,,,,,,,,,,,,,15844621.0,56.0366431228003,
KAZ,Kazakhstan,1985,,81.263,,76.053,5.21,5.21,59.068,8.686,5.21,0.0,0.0,796.027,49655.234,90.234,443.498,246.888,,,,,,,16031090.0,56.4606819710519,
KAZ,Kazakhstan,1986,,85.094,,80.312,4.782,4.782,62.376,9.172,4.782,0.0,0.0,814.251,50068.605,109.256,465.968,224.887,,,,,,,16262702.0,56.8143228907444,
KAZ,Kazakhstan,1987,,88.49,,82.758,5.732,5.732,64.276,9.452,5.732,0.0,0.0,832.595,50375.672,114.133,484.157,217.355,,,,,,,16527715.0,57.0744937614766,
KAZ,Kazakhstan,1988,,88.417,,81.426,6.991,6.991,63.241,9.299,6.991,0.0,0.0,862.957,51424.16,119.011,505.021,218.252,,,,,,,16781168.0,57.2181224628473,
KAZ,Kazakhstan,1989,,89.657,,82.263,7.292,7.394,63.892,9.395,7.292,0.0,0.0,849.496,49979.137,122.913,482.017,222.715,,,,,,,16997013.0,57.2347953638185,
KAZ,Kazakhstan,1990,,87.379,,80.013,7.366,7.366,62.144,9.138,7.366,0.0,0.0,859.425,50100.41,131.01,450.307,256.327,95326487409.9576,5557.08215736977,44692903689.4863,,33655642067.6659,10020095849.3118,17154054.0,57.2078573640742,9.36380594879776
KAZ,Kazakhstan,1991,,85.99,,78.252,7.2,7.739,62.111,8.641,7.2,0.0,0.0,858.537,49687.891,137.546,439.575,258.597,84840573793.2488,4910.15324119135,43473088198.1847,,26721384099.1616,7755554187.60413,17278600.0,57.1542662389527,10.076293263863
KAZ,Kazakhstan,1992,,83.166,,75.839,6.866,7.33,59.803,8.735,6.866,0.0,0.0,847.475,48894.812,141.447,442.82,241.588,80344023383.1104,4635.42154654073,33509255498.0274,,27781307947.7122,9981398238.44753,17332625.0,57.0785089227206,10.7024098862166
KAZ,Kazakhstan,1993,,77.889,,69.815,7.629,8.075,55.32,7.76,7.629,0.0,0.0,748.154,43309.75,135.594,402.126,186.608,72952373230.2308,4223.1282023154,28052438272.7531,,27897038365.3685,9292681760.03819,17274487.0,56.9840568701253,11.975104591705
KAZ,Kazakhstan,1994,,66.777,,57.222,9.179,9.559,47.104,5.35,9.179,0.0,0.0,666.421,39100.562,98.525,393.372,146.303,63760374204.4497,3740.97810892024,20876668237.5319,,29785277591.3846,7341218591.11069,17043771.0,56.8743815359144,14.4027591608055
KAZ,Kazakhstan,1995,,66.739,,58.333,8.331,8.411,48.019,5.454,8.331,0.0,0.0,598.716,35785.812,113.158,317.69,143.007,58532023518.9309,3498.51454364229,17906864165.5824,,29920026066.5357,5549961254.26994,16730536.0,56.7529543748356,15.2157933424341
KAZ,Kazakhstan,1996,,58.747,,51.331,7.331,7.419,42.321,4.764,7.331,0.0,0.0,521.202,31749.574,94.623,283.743,120.907,58824683637.7392,3583.36908423331,17413245505.0437,,31080870162.4071,5272463192.4411,16416027.0,56.6232468416365,15.20376706528
KAZ,Kazakhstan,1997,,52.0,,45.199,6.499,6.8,37.206,4.226,6.499,0.0,0.0,459.578,28646.211,74.275,243.586,121.648,59824703259.2838,3728.96386519689,18202721386.8371,,31173756742.5171,5225011022.47197,16043251.0,56.4887303910647,15.4557692307692
KAZ,Kazakhstan,1998,,49.8,,43.573,6.141,6.229,35.865,4.073,6.141,0.0,0.0,433.003,27671.828,73.631,239.855,101.108,58688033897.7015,3750.56494562659,18129808047.5226,7257452585.00836,31267278012.7446,4237483938.79197,15647785.0,56.3528764778678,17.3242445823583
KAZ,Kazakhstan,1999,,47.3,,41.166,6.132,6.132,34.055,4.098,6.132,0.0,0.0,406.961,26330.492,83.366,222.084,83.379,60272610811.673,3899.65723139778,18781153382.5026,7402601636.70853,31142208900.6936,5144305501.69345,15455874.0,56.2102542327601,17.0912459471978
KAZ,Kazakhstan,2000,54.66,51.64,3526.199,44.11,7.53,7.53,35.9,5.52,7.53,0.0,0.0,369.747,23852.965,47.8,207.464,92.215,66179326672.5077,4269.33016782791,21651687669.401,8438965865.84773,33758154448.3518,4979687725.63926,15501103.0,56.0239607657944,13.9642272620996
KAZ,Kazakhstan,2001,57.18,55.38,3671.138,47.3,8.08,8.08,39.08,5.89,8.08,0.0,0.0,416.192,26720.834,40.932,259.348,92.171,75113535772.261,4822.52862802669,24987048727.008,9595104189.46887,37910407445.4992,5831214326.72357,15575550.0,55.7813717131331,11.3829431732241
KAZ,Kazakhstan,2002,58.72,58.33,3750.476,49.44,8.89,8.89,40.14,6.23,8.89,0.0,0.0,423.944,27077.492,41.078,262.751,94.167,82474662277.6485,5267.6990320263,27929733191.6325,10324332107.8685,41625627375.158,6017813185.17873,15656677.0,55.5045911261585,10.0425079702444
KAZ,Kazakhstan,2003,62.39,63.86,3961.93,55.24,8.62,8.62,45.83,6.82,8.62,0.0,0.0,464.691,29509.088,46.834,290.113,102.732,90144805869.7482,5724.43199248054,30505943814.2393,11139954344.3901,46204446386.4254,6150205075.25265,15747380.0,55.2115277236592,9.72035198697272
KAZ,Kazakhstan,2004,64.78,66.95,4087.024,58.89,8.06,8.06,50.56,7.15,8.06,0.0,0.0,490.623,30953.795,52.354,309.252,105.8,98798707234.4777,6233.29439373307,33912188593.798,12265089733.1735,51194526596.1593,6144054870.1774,15850159.0,54.9200902244233,10.2143550675928
KAZ,Kazakhstan,2005,67.79,67.92,4245.334,60.06,7.86,7.86,50.17,7.26,7.86,0.0,0.0,504.625,31602.055,60.589,312.671,108.87,108382181835.458,6787.4115548789,37557715929.4145,13135911104.2288,56518757362.1599,6580282765.96,15968117.0,54.6481873472392,10.237740799151
KAZ,Kazakhstan,2006,71.88,71.66,4463.565,63.89,7.77,7.77,49.32,8.0,7.77,0.0,0.0,543.391,33743.172,66.522,329.564,125.201,119979075291.852,7450.39687062615,42576161527.2942,14173648081.4629,62679301914.6354,6975099731.9176,16103716.0,54.4137278108953,9.28171706881393
KAZ,Kazakhstan,2007,76.7,76.62,4717.906,68.45,8.17,8.17,56.25,5.05,8.17,0.0,0.0,602.888,37084.332,81.166,362.144,136.472,130657212992.82,8036.87599811505,45966919086.8672,15250845335.6541,70952969767.3672,7595883608.05827,16257214.0,54.2346203341799,9.38797357633359
KAZ,Kazakhstan,2008,80.64,80.35,4909.133,72.89,7.46,7.46,61.6,8.21,7.46,0.0,0.0,635.432,38683.312,85.558,392.951,135.962,134968901021.859,8216.52181589585,47116306513.765,14793319975.5845,73932994497.5966,7124938824.35866,16426525.0,54.1287736358813,8.85629987426395
KAZ,Kazakhstan,2009,78.06,78.73,4696.793,71.85,6.88,6.88,58.11,12.86,6.88,0.0,0.0,569.006,34236.527,80.934,359.793,109.068,136588527833.35,8218.39912556048,48055583743.9997,14379107016.2681,72823999580.1328,8065430749.174,16619846.0,54.1167144748885,8.2225892516834
KAZ,Kazakhstan,2010,83.81,82.65,4977.784,74.63,8.02,8.02,66.66,7.35,8.02,0.0,0.0,611.195,36301.137,87.568,388.256,113.106,146559490369.689,8704.70655484556,51806027784.2455,16334665570.4806,77994503550.3221,7129840782.26982,16836810.0,54.2054127497102,8.02579677177359
KAZ,Kazakhstan,2011,87.37,86.58,5119.537,78.7,7.88,7.88,70.22,7.94,7.88,0.0,0.0,694.016,40666.574,98.737,422.64,150.891,157404892659.159,9223.3021336315,53634391305.2343,17559765488.2666,85014008869.8512,9019248589.57132,17066002.0,54.3996086425518,7.35338276395722
KAZ,Kazakhstan,2012,91.94,90.62,5312.573,82.98,7.64,7.64,67.63,14.63,7.64,0.0,0.0,729.853,42173.152,107.336,440.265,161.304,164960327499.374,9531.91477617058,54587022485.9881,18086558452.9145,93855465792.3156,7449899334.98591,17306106.0,54.69208192838,7.69471109818245
KAZ,Kazakhstan,2013,91.76,92.61,5226.554,84.88,7.73,7.73,69.0,15.34,7.73,0.0,0.0,731.605,41671.484,111.826,435.881,162.814,174857947143.911,9959.72586930534,56271070783.6023,18611068648.0492,100331492931.985,8284288060.50433,17556502.0,55.0779764821252,10.8395983896784
KAZ,Kazakhstan,2014,93.47,94.64,5246.324,86.37,8.27,8.27,68.24,17.11,8.26,0.0,0.01,769.111,43168.984,148.296,430.719,167.672,182201980933.864,10226.7100539683,57099369237.5685,18908845746.4179,106050388029.109,8391983805.29088,17816285.0,55.5524361787178,7.43048998006505
KAZ,Kazakhstan,2015,91.65,91.65,5067.967,82.2,9.45,9.45,64.73,16.09,9.27,0.05,0.13,635.91,35163.887,138.026,318.006,154.435,184388404706.042,10196.1226255982,56892650250.5208,18946663437.9108,109337950058.011,8685703238.47607,18084169.0,56.1106048930882,5.63113558694848
KAZ,Kazakhstan,2016,93.38,94.63,5085.06,82.65,11.98,11.98,63.15,17.55,11.62,0.09,0.27,711.327,38735.684,150.145,371.23,157.863,186416677156.152,10151.423313302,57526148747.9817,19287703379.7931,110321991608.533,9154731213.35378,18363600.0,56.7476265001667,5.640332442736
KAZ,Kazakhstan,2017,98.76,103.12,5294.894,91.48,11.64,11.64,70.53,20.19,11.21,0.09,0.34,764.926,41010.547,167.256,407.12,159.559,194059760924.352,10404.2718646317,61437973653.8274,20464253285.9606,113080041398.746,9447682612.1811,18651931.0,57.4586448748837,6.21148106515756
KAZ,Kazakhstan,2018,103.8,107.28,5482.571,96.37,10.91,10.91,75.72,19.92,10.38,0.14,0.39,789.198,41684.305,166.708,423.422,170.214,202016211108.857,10670.2120148279,64162055402.3053,21385144683.8288,117490163013.297,9806694551.44398,18932727.0,58.2388038921695,6.1038623099513
KAZ,Kazakhstan,2019,103.42,106.48,5383.779,95.39,11.09,11.09,74.93,19.84,9.99,0.39,0.71,798.712,41578.891,197.041,400.92,171.497,211106940610.612,10989.6840718388,67719219425.0332,22625483075.4908,122659730185.882,9796887856.89254,19209555.0,59.0832474269546,9.06462569121513
KAZ,Kazakhstan,2020,107.9,108.64,5538.413,96.7,11.94,11.94,73.55,22.51,9.66,1.24,1.03,735.937,37774.996,176.562,379.287,148.747,205829267103.2,10565.0359816235,68740466133.7231,23530502398.5104,116158764486.031,10374904240.4492,19482117.0,59.9871193541692,6.08350617729281
KAZ,Kazakhstan,2021,114.52,115.08,5800.358,102.49,12.59,12.59,73.8,26.01,9.21,1.63,1.75,822.205,41644.129,216.167,389.989,183.113,214679925583.069,10873.3915275276,71807183584.2985,24636436011.2405,121269750123.416,10146656347.1593,19743603.0,61.030254280267,8.206607692174
KAZ,Kazakhstan,2022,114.89,113.44,5734.576,100.16,13.28,13.28,70.52,28.23,9.2,1.77,2.31,819.283,40893.367,212.817,391.729,180.09,221549683201.099,11058.3482413407,73709094283.9058,25523347707.6451,124301493876.501,11070002074.7508,20034609.0,61.444157327248,8.26845850359307
KAZ,Kazakhstan,2023,115.66,113.59,5689.099,99.13,14.46,14.46,65.25,33.25,8.8,1.87,3.78,846.238,41624.883,199.52,423.518,185.642,232848717043.771,11453.3952725363,78137543790.4649,26544281615.9508,130765171558.08,10250821921.2192,20330104.0,61.7560919499181,9.72399524585112
KAZ,Kazakhstan,2024,120.92,118.51,5872.02,100.48,18.03,18.03,64.03,34.71,11.25,1.87,4.91,862.112,41865.195,207.398,415.602,192.419,244491152895.888,11872.7842626298,82343074363.7537,28349292765.8356,136780369449.751,11655184524.4263,20592571.0,62.072531584162,
KAZ,Kazakhstan,2025,126.1,123.69,6049.773,105.31,18.38,18.38,67.12,36.37,10.51,2.04,5.83,,,,,,,,,,,,,,
KGZ,Kyrgyzstan,1960,,,,,,,,,,,,,,,,,,,,,,,2172300.0,34.350573366068,
KGZ,Kyrgyzstan,1961,,,,,,,,,,,,,,,,,,,,,,,2255900.0,34.7818405057919,
KGZ,Kyrgyzstan,1962,,,,,,,,,,,,,,,,,,,,,,,2333400.0,35.1972555240042,
KGZ,Kyrgyzstan,1963,,,,,,,,,,,,,,,,,,,,,,,2413700.0,35.5929328179983,
KGZ,Kyrgyzstan,1964,,,,,,,,,,,,,,,,,,,,,,,2495300.0,35.9649867850676,
KGZ,Kyrgyzstan,1965,,,,,,,,,,,,,,,,,,,,,,,2573300.0,36.3095318225054,
KGZ,Kyrgyzstan,1966,,,,,,,,,,,,,,,,,,,,,,,2655300.0,36.6226823276052,
KGZ,Kyrgyzstan,1967,,,,,,,,,,,,,,,,,,,,,,,2736500.0,36.9005526976602,
KGZ,Kyrgyzstan,1968,,,,,,,,,,,,,,,,,,,,,,,2818300.0,37.1392573299639,
KGZ,Kyrgyzstan,1969,,,,,,,,,,,,,,,,,,,,,,,2894800.0,37.3349106218097,
KGZ,Kyrgyzstan,1970,,,,,,,,,,,,,,,,,,,,,,,2959900.0,37.4900688899904,
KGZ,Kyrgyzstan,1971,,,,,,,,,,,,,,,,,,,,,,,3022300.0,37.6326611151445,
KGZ,Kyrgyzstan,1972,,,,,,,,,,,,,,,,,,,,,,,3088200.0,37.7705217664009,
KGZ,Kyrgyzstan,1973,,,,,,,,,,,,,,,,,,,,,,,3153800.0,37.8989073690999,
KGZ,Kyrgyzstan,1974,,,,,,,,,,,,,,,,,,,,,,,3223900.0,38.0144741377128,
KGZ,Kyrgyzstan,1975,,,,,,,,,,,,,,,,,,,,,,,3292400.0,38.1138782867115,
KGZ,Kyrgyzstan,1976,,,,,,,,,,,,,,,,,,,,,,,3358700.0,38.1937760305674,
KGZ,Kyrgyzstan,1977,,,,,,,,,,,,,,,,,,,,,,,3423900.0,38.2508235837521,
KGZ,Kyrgyzstan,1978,,,,,,,,,,,,,,,,,,,,,,,3487100.0,38.2816771607373,
KGZ,Kyrgyzstan,1979,,,,,,,,,,,,,,,,,,,,,,,3552000.0,38.2858741212225,
KGZ,Kyrgyzstan,1980,,,,,,,,,,,,,,,,,,,,,,,3617400.0,38.2832527626962,
KGZ,Kyrgyzstan,1981,,,,,,,,,,,,,,,,,,,,,,,3685800.0,38.2777496871555,
KGZ,Kyrgyzstan,1982,,,,,,,,,,,,,,,,,,,,,,,3759300.0,38.2695413863947,
KGZ,Kyrgyzstan,1983,,,,,,,,,,,,,,,,,,,,,,,3838300.0,38.2587046915326,
KGZ,Kyrgyzstan,1984,,,,,,,,,,,,,,,,,,,,,,,3916400.0,38.2453164336881,
KGZ,Kyrgyzstan,1985,,,,,,,,,,,,,,,,,,,,,,,3990300.0,38.2294534439799,
KGZ,Kyrgyzstan,1986,,,,,,,,,,,,,,,,,4159487047.16273,1022.86660449102,,,,,4066500.0,38.2111925535269,
KGZ,Kyrgyzstan,1987,,,,,,,,,,,,,,,,,4296748804.15257,1036.71012984427,2357690973.86907,,1414925462.49038,536276902.799666,4144600.0,38.1906105934481,
KGZ,Kyrgyzstan,1988,,,,,,,,,,,,,,,,,4863920937.72379,1153.02506583629,2806824433.27372,,1563077168.89077,590977065.773942,4218400.0,38.1677843948621,
KGZ,Kyrgyzstan,1989,,,,,,,,,,,,,,,,,4999612217.7448,1160.67608073008,2883458106.02782,,1576640044.57857,618276254.089483,4307500.0,38.12026488628,
KGZ,Kyrgyzstan,1990,,,,,,,,,,,,,,,,,5284729934.9621,1203.47208279448,2820475090.3414,1729198662.06666,2220834708.92884,626748032.135716,4391236.0,37.9710077270028,6.9349097381134
KGZ,Kyrgyzstan,1991,,,,,,,,,,,,,,,,,4864914939.91282,1089.90005451003,2609118156.75483,1724150131.00565,2035299201.36216,578240067.270619,4463634.0,37.7077412766154,6.76122630708561
KGZ,Kyrgyzstan,1992,,,,,,,,,,,,64.063,13925.849,,,,4191715901.49571,928.31552055094,1928569289.2128,1282672231.47637,1848706361.24862,563000373.1285,4515400.0,37.367181569335,7.97737326854739
KGZ,Kyrgyzstan,1993,,,,,,,,,,,,54.288,11733.349,,,,3543704782.05536,784.564919201316,1487543632.37111,986807591.519863,1567307076.57157,514401275.199433,4516777.0,36.9792757432412,15.5767047935039
KGZ,Kyrgyzstan,1994,,,,,,,,,,,,40.625,8738.146,,,,2831946047.78281,627.220989930123,932616384.473863,630764189.620793,1307430409.29155,470134268.506978,4515069.0,36.5739709364138,16.4132345075266
KGZ,Kyrgyzstan,1995,,,,,,,,,,,,32.35,6863.011,,,,2678346337.21658,587.298180667228,818094242.084311,474950037.622365,1247271545.03388,460682845.872715,4560454.0,36.1812142869325,24.2002100105005
KGZ,Kyrgyzstan,1996,,,,,,,,,,,,43.363,9066.211,,,,2868093847.63288,619.667768615001,839051645.669985,497287306.794601,1236023344.5654,530667977.535756,4628438.0,35.830952932877,29.0228240829042
KGZ,Kyrgyzstan,1997,,,,,,,,,,,,42.545,8775.691,,,,3152472634.58716,671.25000816306,1005222207.14558,792905516.257138,1233767527.57785,595711820.142851,4696421.0,35.5531340123269,28.8134406720336
KGZ,Kyrgyzstan,1998,,,,,,,,,,,,44.776,9123.519,,,,3219362911.28951,675.058248147575,987274161.444709,855727113.07449,1281397935.08049,612703317.659951,4769015.0,35.377704663362,30.6704134885588
KGZ,Kyrgyzstan,1999,,,,,,,,,,,,45.221,9101.356,,,,3337056039.33985,689.414278205464,949614013.071197,806786601.315877,1321616319.37532,663020340.461733,4840422.0,35.3281527012343,25.5960382030421
KGZ,Kyrgyzstan,2000,13.02,15.85,2590.968,2.3,13.55,13.55,0.83,1.47,13.55,0.0,0.0,42.986,8554.152,,,,3518703233.18908,718.342832397662,1046054559.97348,839864838.308379,1391236200.41252,680790686.94739,4898362.0,35.3216067847574,25.3901279217735
KGZ,Kyrgyzstan,2001,12.97,14.81,2557.197,2.5,12.31,12.31,0.82,1.68,12.31,0.0,0.0,41.428,8168.012,,,,3705955297.86785,749.423779561565,1093105694.54238,916068378.301186,1441353369.50279,730325894.862135,4945073.0,35.3160273737858,34.1991658740031
KGZ,Kyrgyzstan,2002,12.3,12.98,2404.104,2.3,10.68,10.68,0.57,1.73,10.68,0.0,0.0,35.528,6944.132,,,,3705313255.4532,742.44300111832,994376567.465772,816431394.371541,1501967426.82875,753025786.101151,4990704.0,35.3118703235333,37.1414192249622
KGZ,Kyrgyzstan,2003,13.83,15.44,2680.533,2.06,13.38,13.38,0.59,1.47,13.38,0.0,0.0,33.581,6508.634,,,,3965807641.19042,786.350474964134,1120922076.37714,962115062.847989,1613555122.56892,777088213.862244,5043308.0,35.3086519815317,29.3844946865416
KGZ,Kyrgyzstan,2004,12.83,16.16,2465.862,2.21,13.95,13.95,0.6,1.61,13.95,0.0,0.0,34.139,6561.337,,,,4244477505.27223,831.482103944381,1155083567.68201,983291891.45555,1802090782.27194,809012335.013063,5104713.0,35.3058886953128,30.2159698830989
KGZ,Kyrgyzstan,2005,12.13,14.81,2312.089,2.15,12.66,12.66,1.5,0.65,12.66,0.0,0.0,33.131,6315.117,,,,4237027793.42929,820.709519437592,1041321321.7328,817803953.949093,1953177716.4498,775337016.526333,5162640.0,35.3030968124082,34.4839164596065
KGZ,Kyrgyzstan,2006,12.04,14.55,2279.245,2.2,12.35,12.35,1.5,0.7,12.35,0.0,0.0,35.123,6649.086,,,,4368498475.52979,837.138026647346,967920181.369039,702120782.075902,2136642952.13066,788491584.274436,5218373.0,35.2997926803498,32.1008056186738
KGZ,Kyrgyzstan,2007,12.32,14.7,2318.677,2.09,12.61,12.61,1.6,0.38,12.61,0.0,0.0,40.47,7616.677,,,,4741693829.84541,900.02796489729,1067580528.63188,746653713.320531,2403043032.10134,801206228.873613,5268385.0,35.2954926466692,30.9035738368173
KGZ,Kyrgyzstan,2008,10.92,11.69,2043.975,1.67,10.02,10.02,1.34,0.22,10.02,0.0,0.0,42.551,7964.552,,,,5140072739.62985,966.409971184817,1216552391.44354,905019700.120508,2663244400.62026,808117088.282978,5318729.0,35.2897130588983,31.3003647467979
KGZ,Kyrgyzstan,2009,9.78,10.98,1811.778,0.87,10.11,10.11,0.39,0.08,10.11,0.0,0.0,43.249,8012.048,,,,5288430380.28424,981.220904665529,1212684615.39845,820802431.98091,2728206051.08019,862460256.658217,5389643.0,35.2815523593591,24.8849589461337
KGZ,Kyrgyzstan,2010,10.28,11.99,1871.894,0.99,11.0,11.0,0.6,0.18,11.0,0.0,0.0,38.978,7097.546,,,,5263491909.11624,962.764789828724,1243315024.01908,913789736.360236,2695501182.43907,840281275.895295,5467059.0,35.267768240398,24.0909090909091
KGZ,Kyrgyzstan,2011,12.34,15.01,2205.723,1.01,14.0,14.0,0.63,0.15,14.0,0.0,0.0,41.787,7469.331,,,,5576999924.82018,1005.4831781815,1334197660.57243,964222310.593103,2890424224.06477,855797281.002196,5546587.0,35.2466507961984,22.3578308483969
KGZ,Kyrgyzstan,2012,13.37,15.03,2347.047,0.99,14.04,14.04,0.73,0.08,14.04,0.0,0.0,51.419,9026.362,,,,5572083788.24116,985.8472865972,1182577723.32369,698369640.074453,3071700610.07272,866471488.467181,5652076.0,35.218916221918,22.1584915611814
KGZ,Kyrgyzstan,2013,13.77,13.92,2375.246,0.92,13.0,13.0,0.79,0.03,13.0,0.0,0.0,48.523,8369.903,,,,6180302892.03129,1069.78404438716,1539548415.60677,1030274704.99182,3219208889.8613,889440989.041967,5777150.0,35.1850529225105,20.2769252729998
KGZ,Kyrgyzstan,2014,14.64,14.43,2482.062,1.27,13.16,13.16,1.07,0.12,13.16,0.0,0.0,49.601,8409.271,,,,6429000667.90909,1088.58214229508,1627582161.2417,1000843119.71483,3363478207.24893,884551488.779295,5905848.0,35.1455493029297,23.7304419434532
KGZ,Kyrgyzstan,2015,13.47,12.92,2244.298,1.93,10.99,10.99,1.72,0.17,10.99,0.0,0.0,46.616,7766.934,,,,6678177511.66313,1105.65193844261,1674757518.01353,938335742.914271,3482658370.40266,939002801.459735,6040036.0,35.1008937681291,20.4758250191865
KGZ,Kyrgyzstan,2016,13.28,13.15,2174.034,1.77,11.38,11.38,1.56,0.19,11.38,0.0,0.0,47.585,7790.065,,,,6967733666.77765,1128.3161612818,1793112320.01109,993195876.125668,3593723617.96055,965916287.993115,6175338.0,35.0515747230627,20.0196048861409
KGZ,Kyrgyzstan,2017,14.15,15.37,2274.865,1.31,14.06,14.06,1.16,0.12,14.06,0.0,0.0,46.675,7503.813,,,,7297999868.50301,1157.18275758067,1946646327.84959,1059768107.92438,3712589115.67905,987505173.41063,6306696.0,34.9980805726839,18.333011023013
KGZ,Kyrgyzstan,2018,14.68,15.43,2314.825,1.26,14.17,14.17,1.09,0.08,14.17,0.0,0.0,50.855,8019.065,,,,7572252145.25549,1175.0712778747,2062124595.57274,1113493009.77064,3819417360.60628,1013227064.69978,6444079.0,34.9408997219466,18.1256038647343
KGZ,Kyrgyzstan,2019,14.97,14.97,2305.192,1.26,13.71,13.71,1.13,0.09,13.71,0.0,0.0,46.0,7083.414,,,,7920623120.2686,1201.87701429721,2226418483.88235,1200529934.37008,3946939244.44174,1038330105.92613,6590211.0,34.8805205758044,16.6258683427059
KGZ,Kyrgyzstan,2020,15.45,15.4,2318.378,1.42,13.98,13.98,1.29,0.08,13.98,0.0,0.0,42.006,6303.29,,,,7354379549.41978,1093.32856461422,2014618430.41138,1124444813.66903,3635432407.23961,1047266121.40878,6726596.0,34.8174315392111,17.8135549207998
KGZ,Kyrgyzstan,2021,16.27,15.14,2385.462,2.18,12.96,12.96,1.97,0.17,12.96,0.0,0.0,43.469,6373.353,,,,7759385792.10421,1132.5546781282,2065584577.04538,1195392600.77329,3887589962.19486,999710751.312412,6851224.0,34.7521210171204,18.0869335447219
KGZ,Kyrgyzstan,2022,16.17,13.82,2324.681,1.92,11.9,11.9,1.76,0.12,11.9,0.0,0.0,52.652,7569.569,,,,8455209116.53133,1212.17812721768,2294280941.55209,1388034855.51984,4153065475.91446,1072753545.97623,6975220.0,34.7003053497743,17.2021322575998
KGZ,Kyrgyzstan,2023,16.95,13.6,2396.26,1.84,11.76,11.76,1.59,0.2,11.76,0.0,0.0,57.174,8082.865,,,,9217301873.9258,1298.25724482211,2523866595.02399,1451643285.98283,4482943857.24193,1079680375.12726,7099750.0,34.706439175362,18.2918918918919
KGZ,Kyrgyzstan,2024,19.25,15.77,2678.815,1.77,14.0,14.0,1.53,0.19,14.0,0.0,0.0,,,,,,10050558458.4137,1391.68404329929,2762310227.90876,1515652809.47256,4900348938.50888,1147712285.71816,7221868.0,34.7219977865937,
KGZ,Kyrgyzstan,2025,19.31,15.78,2647.005,2.41,13.37,13.37,1.99,0.27,13.37,0.0,0.0,,,,,,,,,,,,,,
TJK,Tajikistan,1960,,,,,,,,,,,,,,,,,,,,,,,2112131.0,33.395180548289,
TJK,Tajikistan,1961,,,,,,,,,,,,,,,,,,,,,,,2181805.0,33.95772002878,
TJK,Tajikistan,1962,,,,,,,,,,,,,,,,,,,,,,,2255026.0,34.5174483399294,
TJK,Tajikistan,1963,,,,,,,,,,,,,,,,,,,,,,,2331736.0,35.0595718686087,
TJK,Tajikistan,1964,,,,,,,,,,,,,,,,,,,,,,,2411260.0,35.5692970016891,
TJK,Tajikistan,1965,,,,,,,,,,,,,,,,,,,,,,,2492998.0,36.0318301260417,
TJK,Tajikistan,1966,,,,,,,,,,,,,,,,,,,,,,,2577184.0,36.432377628538,
TJK,Tajikistan,1967,,,,,,,,,,,,,,,,,,,,,,,2664130.0,36.7561458960492,
TJK,Tajikistan,1968,,,,,,,,,,,,,,,,,,,,,,,2753848.0,36.9883413154465,
TJK,Tajikistan,1969,,,,,,,,,,,,,,,,,,,,,,,2845273.0,37.1141702736012,
TJK,Tajikistan,1970,,,,,,,,,,,,,,,,,,,,,,,2936779.0,37.1146662555686,
TJK,Tajikistan,1971,,,,,,,,,,,,,,,,,,,,,,,3028837.0,37.00035563208,
TJK,Tajikistan,1972,,,,,,,,,,,,,,,,,,,,,,,3123691.0,36.7812891529044,
TJK,Tajikistan,1973,,,,,,,,,,,,,,,,,,,,,,,3222290.0,36.4858400576587,
TJK,Tajikistan,1974,,,,,,,,,,,,,,,,,,,,,,,3324499.0,36.1383146079998,
TJK,Tajikistan,1975,,,,,,,,,,,,,,,,,,,,,,,3430425.0,35.7630190655849,
TJK,Tajikistan,1976,,,,,,,,,,,,,,,,,,,,,,,3540076.0,35.384259692071,
TJK,Tajikistan,1977,,,,,,,,,,,,,,,,,,,,,,,3653265.0,35.0263427491149,
TJK,Tajikistan,1978,,,,,,,,,,,,,,,,,,,,,,,3768508.0,34.7135744983739,
TJK,Tajikistan,1979,,,,,,,,,,,,,,,,,,,,,,,3882691.0,34.4643148442609,
TJK,Tajikistan,1980,,,,,,,,,,,,,,,,,,,,,,,3995256.0,34.2502121134354,
TJK,Tajikistan,1981,,,,,,,,,,,,,,,,,,,,,,,4109022.0,34.0565161831076,
TJK,Tajikistan,1982,,,,,,,,,,,,,,,,,,,,,,,4227171.0,33.8759702187396,
TJK,Tajikistan,1983,,,,,,,,,,,,,,,,,,,,,,,4350874.0,33.7011458201198,
TJK,Tajikistan,1984,,,,,,,,,,,,,,,,,,,,,,,4480026.0,33.5246145870369,
TJK,Tajikistan,1985,,,,,,,,,,,,,,,,,6548213772.00103,1417.66822234171,1971936196.62693,,1673519745.67481,1234682081.08852,4619003.0,33.3389481192791,
TJK,Tajikistan,1986,,,,,,,,,,,,,,,,,6777401245.71111,1420.20197771086,2050813542.1569,,1730419516.44773,1282834677.26535,4772139.0,33.1367180166351,
TJK,Tajikistan,1987,,,,,,,,,,,,,,,,,6696072427.74077,1355.73849750343,2097982353.40324,,1709654363.81785,1200733264.21799,4939059.0,32.9104958788933,
TJK,Tajikistan,1988,,,,,,,,,,,,,,,,,7626826568.47547,1491.07389448452,2408483711.00639,,1808814399.91011,1331613100.40773,5114989.0,32.6528533058421,
TJK,Tajikistan,1989,,,,,,,,,,,,,,,,,7131082790.90936,1353.85336651245,2463878843.89254,,1924578520.66953,1157171771.39666,5267249.0,32.3308011234669,
TJK,Tajikistan,1990,,,,,,,,,,,,,,,,,7088296320.45359,1312.94701318034,2495909165.24884,,1966919286.34275,1051869234.00801,5398768.0,31.8835141088268,8.81737021933208
TJK,Tajikistan,1991,,,,,,,,,,,,,,,,,6585027345.76362,1188.37461269952,2312665214.17172,,1821935391.28983,1005586902.69365,5541205.0,31.2960416833691,10.2371608940454
TJK,Tajikistan,1992,,,,,,,,,,,,50.777,8988.006,,,,4675369345.99069,827.586884623268,1652868963.7989,,1287932488.1105,737095195.213625,5649400.0,30.6177365157904,7.13351563428843
TJK,Tajikistan,1993,,,,,,,,,,,,42.227,7375.933,,,,3908608780.50055,682.727259317268,1486586915.31297,,1048542911.14904,704663057.530067,5724993.0,29.8872550433905,12.3781072092892
TJK,Tajikistan,1994,,,,,,,,,,,,40.72,6990.197,,,,3076075187.91428,528.04821736829,1100302143.71611,,814109062.061125,645471372.243196,5825368.0,29.1432537034689,12.6899069603109
TJK,Tajikistan,1995,,,,,,,,,,,,32.01,5381.158,,,,2694139780.48735,452.904385394465,950980292.236181,,715719245.74983,558978149.584729,5948584.0,28.4243889333252,10.9409780775717
TJK,Tajikistan,1996,,,,,,,,,,,,37.622,6201.645,,,,2244218479.30012,369.934883507426,742380543.183067,,601937683.384149,459480058.901142,6066523.0,27.769317170259,11.7182313105829
TJK,Tajikistan,1997,,,,,,,,,,,,37.042,6033.039,,,,2281936478.83437,371.661243144454,728615902.16428,,613078844.807433,476021308.483829,6139829.0,27.2166948515698,13.9307390217779
TJK,Tajikistan,1998,,,,,,,,,,,,38.319,6204.16,,,,2403172744.02642,389.089746664022,781606444.195488,,643201861.653925,506010621.791772,6176397.0,26.8051784145572,14.5125502704202
TJK,Tajikistan,1999,,,,,,,,,,,,44.231,7124.432,,,,2492079338.5006,401.406381787908,823844835.051298,,666271791.706323,521696968.123398,6208370.0,26.5734242965209,14.0469709438501
TJK,Tajikistan,2000,15.57,14.24,2477.431,0.22,14.02,14.02,0.0,0.22,14.02,0.0,0.0,31.539,5018.302,,,,2699528109.30372,429.537300984643,895858621.50897,,715833015.47709,588959590.85537,6284735.0,26.5355104669232,15.041763178213
TJK,Tajikistan,2001,15.74,14.39,2456.544,0.18,14.21,14.21,0.0,0.18,14.21,0.0,0.0,33.329,5201.65,,,,2958165475.04676,461.681195760256,1024134262.39396,,772648650.100706,627830923.851824,6407377.0,26.5345041786379,15.2204144068975
TJK,Tajikistan,2002,16.09,15.3,2463.381,0.14,15.16,15.16,0.0,0.14,15.16,0.0,0.0,33.202,5083.217,,,,3277647457.55418,501.80856647117,1107529134.56616,,846479730.946615,733306514.860511,6531669.0,26.5336513960096,15.2333028362306
TJK,Tajikistan,2003,16.52,16.51,2481.011,0.17,16.34,16.34,0.0,0.17,16.34,0.0,0.0,34.953,5249.373,,,,3638188647.66711,546.391479808684,1217058404.354,,961196521.193317,799304101.197957,6658575.0,26.5331204386766,15.3068023502332
TJK,Tajikistan,2004,16.85,16.49,2481.388,0.15,16.34,16.34,0.0,0.15,16.34,0.0,0.0,36.695,5403.847,,,,4012922039.84883,590.957111385699,1394399040.82129,,1107362369.17918,889625495.596673,6790547.0,26.5327772632159,14.8869080104299
TJK,Tajikistan,2005,17.34,17.09,2504.072,0.12,16.97,16.97,0.0,0.12,16.97,0.0,0.0,37.103,5358.023,,,,4281787756.98917,618.333702588577,1535134834.31824,,1227812313.76904,903859451.045971,6924720.0,26.5324878262051,16.0678759508484
TJK,Tajikistan,2006,17.54,16.93,2485.276,0.23,16.7,16.7,0.0,0.23,16.7,0.0,0.0,36.477,5168.557,,,,4581513037.47047,649.163328755334,1618871534.18911,,1361957766.49981,952667919.130726,7057566.0,26.5321180842215,16.2090345438441
TJK,Tajikistan,2007,17.59,17.49,2444.93,0.38,17.11,17.11,0.0,0.38,17.11,0.0,0.0,32.009,4449.12,,,,4938871059.83241,686.48090192413,1780230411.02157,,1683049151.47896,1014591332.56222,7194477.0,26.5315339938424,16.8857894135132
TJK,Tajikistan,2008,17.03,16.15,2320.669,0.35,15.8,15.8,0.0,0.35,15.8,0.0,0.0,29.399,4006.238,,,,5329041788.19323,726.185491338269,1720927640.33102,,1998581599.96351,1094744022.77531,7338403.0,26.5306015116451,18.4864061435561
TJK,Tajikistan,2009,16.18,16.12,2160.147,0.22,15.9,15.9,0.0,0.22,15.9,0.0,0.0,26.228,3501.677,,,,5536874479.12428,739.212878526331,1604260212.25516,,2123873120.92205,1209692167.47083,7490230.0,26.529186594207,13.0235155425948
TJK,Tajikistan,2010,16.59,16.44,2168.02,0.04,16.4,16.4,0.0,0.04,16.4,0.0,0.0,27.175,3551.285,,,,5896771269.65215,770.604105393791,1761237156.46805,,2351188471.98566,1291951152.46485,7652141.0,26.5274312963978,14.1770611499848
TJK,Tajikistan,2011,16.21,16.24,2071.622,0.04,16.2,16.2,0.0,0.04,16.2,0.0,0.0,27.019,3452.973,,,,6333132378.96151,809.368229154093,1864389953.88769,,2535252237.81012,1394015396.10846,7824785.0,26.4792213439941,13.9857125261732
TJK,Tajikistan,2012,16.31,16.97,2035.166,0.07,16.9,16.9,0.0,0.07,16.9,0.0,0.0,29.919,3733.26,,,,6808117273.38834,849.519080831738,2027329481.79579,,2682967593.84868,1538993001.50216,8014084.0,26.4102249145508,14.4043831742665
TJK,Tajikistan,2013,16.17,17.11,1967.935,0.04,17.07,17.07,0.04,0.0,17.07,0.0,0.0,31.646,3851.428,,,,7311917934.39479,889.882383099979,2115302286.75242,,2825128594.72396,1655956387.74714,8216724.0,26.4883155822754,14.7706690037978
TJK,Tajikistan,2014,14.87,16.16,1764.868,0.16,16.0,16.0,0.16,0.0,16.0,0.0,0.0,35.016,4155.931,,,,7801816486.46336,925.970961482804,2239037517.72718,,3110483050.38643,1730474404.85966,8425552.0,26.5633735656738,17.3514851485149
TJK,Tajikistan,2015,15.82,17.16,1830.205,0.16,17.0,17.0,0.16,0.0,17.0,0.0,0.0,34.281,3965.986,,,,8271431485.07484,956.916310930656,2499644254.68476,887765070.823741,3240568043.73501,1785849595.26162,8643840.0,26.478832244873,15.5576273161636
TJK,Tajikistan,2016,15.91,17.24,1794.572,0.61,16.63,16.63,0.61,0.0,16.63,0.0,0.0,37.188,4194.635,,,,8842160257.54501,997.352614556708,2904712920.25297,,3277464940.68476,1878713788.90969,8865631.0,26.3718509674072,15.9354688950789
TJK,Tajikistan,2017,16.8,18.11,1849.01,0.98,17.13,17.13,0.98,0.0,17.13,0.0,0.0,37.748,4154.551,,,,9469953672.84779,1042.26391757642,3498753318.36555,,3372927922.59198,2006466327.08035,9085946.0,26.2731513977051,15.921386772662
TJK,Tajikistan,2018,17.35,19.74,1864.119,1.35,18.39,18.39,1.35,0.0,18.39,0.0,0.0,40.658,4368.406,,,,10189670046.8255,1094.8002018221,4082752510.06314,,3484293596.25262,2146918954.2319,9307333.0,26.2338752746582,14.5780569344545
TJK,Tajikistan,2019,18.07,20.96,1896.123,1.79,19.17,19.17,1.48,0.31,19.17,0.0,0.0,44.148,4632.589,,,,10943705646.9105,1148.34676712493,4494015434.64832,,3770246551.94564,2297203231.1719,9529966.0,26.1300735473633,11.5903993892256
TJK,Tajikistan,2020,18.61,20.1,1908.853,1.99,18.11,18.11,1.66,0.33,18.11,0.0,0.0,46.341,4753.297,,,,11425228817.4554,1171.90127480359,5248085774.46547,,3592089649.27609,2478682292.73211,9749310.0,26.1925442328719,12.681592039801
TJK,Tajikistan,2021,18.3,20.72,1836.075,2.06,18.66,18.66,1.75,0.31,18.66,0.0,0.0,46.508,4666.234,,,,12499200274.9255,1254.06999592306,5973332577.34937,,3867815164.62158,2471246235.09546,9966908.0,26.1991525151375,19.6486316907187
TJK,Tajikistan,2022,18.94,21.49,1860.104,1.57,19.92,19.92,1.28,0.29,19.92,0.0,0.0,49.126,4824.712,,,,13499136339.2248,1325.75545290849,6526432392.8043,,4403116366.18738,2360040194.53236,10182222.0,26.1957126615618,18.2401935694011
TJK,Tajikistan,2023,18.71,21.23,1800.803,1.23,20.0,20.0,1.01,0.22,20.0,0.0,0.0,49.302,4745.263,,,,14619564549.6174,1407.1075436221,7171363473.31393,,4436926336.65598,2647965075.6988,10389799.0,26.1890127571429,17.318512419377
TJK,Tajikistan,2024,19.6,22.2,1850.64,1.2,21.0,21.0,1.0,0.2,21.0,0.0,0.0,,,,,,15847607943.9846,1496.33813395037,,,,,10590927.0,26.1788063651548,
TJK,Tajikistan,2025,19.47,24.67,1804.994,1.39,23.28,23.28,1.15,0.24,23.28,0.0,0.0,,,,,,,,,,,,,,
TKM,Turkmenistan,1960,,,,,,,,,,,,,,,,,,,,,,,1643457.0,46.5537453713647,
TKM,Turkmenistan,1961,,,,,,,,,,,,,,,,,,,,,,,1695400.0,46.778152704992,
TKM,Turkmenistan,1962,,,,,,,,,,,,,,,,,,,,,,,1749214.0,46.9922347168608,
TKM,Turkmenistan,1963,,,,,,,,,,,,,,,,,,,,,,,1804272.0,47.1923818268815,
TKM,Turkmenistan,1964,,,,,,,,,,,,,,,,,,,,,,,1859997.0,47.3749844549648,
TKM,Turkmenistan,1965,,,,,,,,,,,,,,,,,,,,,,,1915916.0,47.536433021021,
TKM,Turkmenistan,1966,,,,,,,,,,,,,,,,,,,,,,,1971737.0,47.6731179449606,
TKM,Turkmenistan,1967,,,,,,,,,,,,,,,,,,,,,,,2027403.0,47.7814296466942,
TKM,Turkmenistan,1968,,,,,,,,,,,,,,,,,,,,,,,2083069.0,47.8577585461322,
TKM,Turkmenistan,1969,,,,,,,,,,,,,,,,,,,,,,,2139024.0,47.8984950631851,
TKM,Turkmenistan,1970,,,,,,,,,,,,,,,,,,,,,,,2195616.0,47.9018414896388,
TKM,Turkmenistan,1971,,,,,,,,,,,,,,,,,,,,,,,2253119.0,47.8852472058234,
TKM,Turkmenistan,1972,,,,,,,,,,,,,,,,,,,,,,,2311430.0,47.8518948098544,
TKM,Turkmenistan,1973,,,,,,,,,,,,,,,,,,,,,,,2370919.0,47.80432732332,
TKM,Turkmenistan,1974,,,,,,,,,,,,,,,,,,,,,,,2432028.0,47.7444719279809,
TKM,Turkmenistan,1975,,,,,,,,,,,,,,,,,,,,,,,2494570.0,47.6742558055976,
TKM,Turkmenistan,1976,,,,,,,,,,,,,,,,,,,,,,,2558521.0,47.595606137931,
TKM,Turkmenistan,1977,,,,,,,,,,,,,,,,,,,,,,,2623948.0,47.5104501067415,
TKM,Turkmenistan,1978,,,,,,,,,,,,,,,,,,,,,,,2691088.0,47.4207148937901,
TKM,Turkmenistan,1979,,,,,,,,,,,,,,,,,,,,,,,2760358.0,47.3165631269263,
TKM,Turkmenistan,1980,,,,,,,,,,,,,,,,,,,,,,,2832203.0,47.1662761093119,
TKM,Turkmenistan,1981,,,,,,,,,,,,,,,,,,,,,,,2907187.0,46.9591547358581,
TKM,Turkmenistan,1982,,,,,,,,,,,,,,,,,,,,,,,2985557.0,46.7140011497584,
TKM,Turkmenistan,1983,,,,,,,,,,,,,,,,,,,,,,,3067534.0,46.4449834136351,
TKM,Turkmenistan,1984,,,,,,,,,,,,,,,,,,,,,,,3154079.0,46.1662695901108,
TKM,Turkmenistan,1985,,10.987,,,0.003,0.003,,,0.003,0.0,0.0,143.104,44065.363,81.751,3.745,57.599,,,,,,,3247534.0,45.892027741808,
TKM,Turkmenistan,1986,,12.396,,,0.003,0.003,,,0.003,0.0,0.0,178.107,53201.121,132.422,3.745,41.932,,,,,,,3347809.0,45.6364259313491,
TKM,Turkmenistan,1987,,13.267,,,0.003,0.003,,,0.003,0.0,0.0,177.183,51316.758,131.542,3.745,41.888,9134688479.30854,2645.64151661642,,,,,3452731.0,45.4136322213566,
TKM,Turkmenistan,1988,,12.891,,,0.003,0.003,,,0.003,0.0,0.0,178.383,50116.547,133.307,3.21,41.858,10141662024.1433,2849.29129851136,,,,,3559363.0,45.237814674453,
TKM,Turkmenistan,1989,,14.508,,,0.003,0.003,,,0.003,0.0,0.0,183.29,50045.676,137.722,3.745,41.815,9710101901.70636,2651.25204178569,,,,,3662459.0,45.1127276928258,
TKM,Turkmenistan,1990,,14.61,,,0.003,0.003,,,0.003,0.0,0.0,161.008,42814.887,92.786,4.28,63.933,13145978551.505,3495.74838854006,,,,,3760562.0,45.0014960583936,8.91252785164954
TKM,Turkmenistan,1991,,14.953,,,0.003,0.003,,,0.003,0.0,0.0,146.229,37923.375,90.931,3.745,51.544,12540571637.2069,3252.31233981197,,,,,3855894.0,44.8948092738727,9.8570724494825
TKM,Turkmenistan,1992,,13.183,,,0.004,0.004,,,0.004,0.0,0.0,138.043,34994.605,88.291,1.605,48.135,10663751366.9499,2703.31865628693,,,,,3944689.0,44.802815831344,8.30678197542103
TKM,Turkmenistan,1993,,12.637,,,0.005,0.005,,,0.005,0.0,0.0,127.299,31568.975,88.291,0.0,38.994,10823707656.0003,2684.18035580245,,,,,4032407.0,44.7333631747595,9.31539374752671
TKM,Turkmenistan,1994,,10.52,,,0.004,0.004,,,0.004,0.0,0.0,135.595,32938.043,96.231,0.058,39.294,8951221333.60055,2174.38821394629,,,,,4116662.0,44.6942987480715,9.31872320152454
TKM,Turkmenistan,1995,,9.905,,,0.004,0.004,,,0.004,0.0,0.0,104.27,24878.238,75.921,0.058,28.279,8306729733.44765,1981.94402262254,,,,,4191203.0,44.7104145330766,12.3073783039086
TKM,Turkmenistan,1996,,10.13,,,0.005,0.005,,,0.005,0.0,0.0,158.043,37066.004,119.35,0.535,38.143,8863279974.39482,2078.71862628194,,,,,4263819.0,44.8415980584705,11.2002376708259
TKM,Turkmenistan,1997,,9.498,,,0.005,0.005,,,0.005,0.0,0.0,123.142,28395.035,84.026,0.0,39.101,7852866037.13555,1810.78048140778,,,,,4336730.0,45.0827873053312,9.84625105307498
TKM,Turkmenistan,1998,,9.416,,,0.006,0.006,,,0.006,0.0,0.0,140.64,31887.438,103.276,0.0,37.346,8410419552.77543,1906.90538588317,,,,,4410507.0,45.3928311026819,13.3538723042601
TKM,Turkmenistan,1999,,8.86,,,0.005,0.005,,,0.005,0.0,0.0,123.281,27443.494,92.304,0.0,30.962,9798138736.69806,2181.15938103368,,,,,4492170.0,45.735276090984,13.0503499661323
TKM,Turkmenistan,2000,9.05,9.85,1974.829,9.85,0.0,0.0,0.0,9.85,0.0,0.0,0.0,130.278,28428.357,71.61,0.0,58.659,10334005228.0022,2255.01496788934,,,,,4582677.0,46.0736689106993,14.2305738953784
TKM,Turkmenistan,2001,9.63,10.61,2059.71,10.61,0.0,0.0,0.0,10.61,0.0,0.0,0.0,151.922,32493.838,105.201,0.0,46.712,10782898471.2171,2306.30057631688,,,,,4675409.0,46.3715562022892,14.052780395853
TKM,Turkmenistan,2002,9.64,10.7,2021.188,10.7,0.0,0.0,0.0,10.7,0.0,0.0,0.0,130.345,27329.037,74.979,0.0,55.357,10810629921.4189,2266.6336625636,,,,,4769465.0,46.5924846062154,14.0093457943925
TKM,Turkmenistan,2003,9.73,10.8,2000.464,10.8,0.0,0.0,0.0,10.8,0.0,0.0,0.0,167.964,34533.0,116.174,0.0,51.781,11164010879.7579,2295.29620574541,,,,,4863865.0,46.7000007629395,13.5925925925926
TKM,Turkmenistan,2004,10.75,11.92,2168.173,11.92,0.0,0.0,0.0,11.92,0.0,0.0,0.0,187.145,37745.398,114.538,0.0,72.599,11722256910.1313,2364.26725156856,,,,,4958093.0,46.7375427392139,13.6493288590604
TKM,Turkmenistan,2005,11.56,12.82,2288.085,12.82,0.0,0.0,0.0,12.82,0.0,0.0,0.0,175.243,34686.0,116.463,0.0,58.771,13250139963.3514,2622.61796328876,,,,,5052257.0,46.7728683922582,13.8221528861154
TKM,Turkmenistan,2006,12.31,13.65,2391.637,13.65,0.0,0.0,0.0,13.65,0.0,0.0,0.0,180.042,34979.223,119.927,0.0,60.105,14704118675.0772,2856.77457038028,,,,,5147105.0,46.8060040482349,13.3406593406593
TKM,Turkmenistan,2007,13.42,14.88,2559.092,14.88,0.0,0.0,0.0,14.88,0.0,0.0,0.0,165.961,31647.539,111.65,0.0,54.302,16330291193.8443,3114.06330033038,,,,,5244046.0,46.8369760333063,13.0913978494624
TKM,Turkmenistan,2008,13.56,15.04,2536.935,15.04,0.0,0.0,0.0,15.04,0.0,0.0,0.0,154.912,28982.496,78.925,0.0,75.979,18730843999.3395,3504.34843278483,,,,,5345029.0,46.8658106736347,13.7832446808511
TKM,Turkmenistan,2009,14.41,15.98,2643.262,15.98,0.0,0.0,0.0,15.98,0.0,0.0,0.0,226.639,41572.953,171.133,0.0,55.498,19873425504.8127,3645.43522420841,,,,,5451592.0,46.8925342953825,13.0851063829787
TKM,Turkmenistan,2010,14.25,16.66,2560.943,16.66,0.0,0.0,0.0,16.66,0.0,0.0,0.0,246.765,44347.527,182.719,0.0,64.037,21701780648.8816,3900.14237925855,,,,,5564356.0,46.9171732247121,12.7791116446579
TKM,Turkmenistan,2011,14.67,17.22,2581.196,17.22,0.0,0.0,0.0,17.22,0.0,0.0,0.0,266.977,46974.797,207.353,0.0,59.615,24891942388.6142,4379.74943394339,,,,,5683417.0,46.9397537877858,12.7003484320557
TKM,Turkmenistan,2012,15.03,17.75,2587.566,17.75,0.0,0.0,0.0,17.75,0.0,0.0,0.0,315.572,54328.891,229.384,0.0,86.176,27654947984.1806,4761.0792759807,,,,,5808546.0,46.9603023107661,12.5746478873239
TKM,Turkmenistan,2013,16.02,18.87,2697.266,18.87,0.0,0.0,0.0,18.87,0.0,0.0,0.0,267.651,45064.047,193.312,0.0,74.325,30475752706.6088,5131.16736462999,,,,,5939341.0,46.9788451198152,12.6232114467409
TKM,Turkmenistan,2014,17.19,20.4,2829.497,20.4,0.0,0.0,0.0,20.4,0.0,0.0,0.0,283.703,46697.828,199.63,0.0,84.056,33614755226.4132,5533.03528846527,,,,,6075283.0,46.9954085410955,12.4705882352941
TKM,Turkmenistan,2015,19.33,22.53,3109.83,22.53,0.0,0.0,0.0,22.53,0.0,0.0,0.0,322.248,51843.594,253.863,0.0,68.362,35799714285.7143,5759.497903834,19436857142.8571,,13031142857.1429,3331714285.71429,6215770.0,47.0100189007695,12.8339398242656
TKM,Turkmenistan,2016,19.33,22.53,3039.289,22.53,0.0,0.0,0.0,22.53,0.0,0.0,0.0,348.665,54821.168,251.15,0.0,97.488,38019296559.4106,5977.83828113854,,,,,6360041.0,47.0227025249994,12.8298222653776
TKM,Turkmenistan,2017,20.69,23.89,3179.621,23.89,0.0,0.0,0.0,23.89,0.0,0.0,0.0,323.575,49726.68,247.589,0.0,75.959,40490550853.5767,6222.55590558882,,,,,6507061.0,47.0334857399476,12.8264144626716
TKM,Turkmenistan,2018,22.16,25.36,3329.565,25.36,0.0,0.0,0.0,25.36,0.0,0.0,0.0,365.408,54902.934,283.923,0.0,81.458,43000964982.7593,6460.94356849428,,,,,6655524.0,47.0423948717765,12.8297125734337
TKM,Turkmenistan,2019,19.3,22.5,2836.59,22.5,0.0,0.0,0.0,22.5,0.0,0.0,0.0,350.677,51540.266,277.47,0.0,73.18,45710025794.8484,6718.16608056274,,,,,6803944.0,47.0494562466485,14.3733333333333
TKM,Turkmenistan,2020,22.56,25.76,3246.083,25.76,0.0,0.0,0.0,25.76,0.0,0.0,0.0,444.261,63923.27,342.532,0.0,101.702,48406917338.9257,6965.11226889286,,,,,6949912.0,47.0546961907259,12.1030975855912
TKM,Turkmenistan,2021,25.2,28.4,3553.279,28.39,0.01,0.01,0.0,28.39,0.01,0.0,0.0,444.797,62717.742,357.856,0.0,86.914,51408146222.3962,7248.70763225719,,,,,7092043.0,47.0581410301711,10.7816901408451
TKM,Turkmenistan,2022,23.6,32.6,3264.088,32.59,0.01,0.01,0.0,32.59,0.01,0.0,0.0,471.771,65250.055,375.365,0.0,96.38,54595451255.3951,7551.03650143157,,,,,7230193.0,47.0592103414926,9.6441717791411
TKM,Turkmenistan,2023,23.6,32.6,3204.59,32.59,0.01,0.01,0.0,32.59,0.01,0.0,0.0,438.46,59537.512,352.967,0.0,85.467,58035050718.9991,7880.44528570939,,,,,7364438.0,47.0678875054171,9.6441717791411
TKM,Turkmenistan,2024,24.01,33.01,3203.685,33.0,0.01,0.01,0.0,33.0,0.01,0.0,0.0,371.164,49524.949,285.231,0.0,85.907,61690926131.849,8231.49544263659,,,,,7494498.0,47.0875253910294,
TKM,Turkmenistan,2025,,,,,,,,,,,,,,,,,,,,,,,,,
UZB,Uzbekistan,1960,,,,,,,,,,,,,,,,,,,,,,,8209109.0,34.3303985595703,
UZB,Uzbekistan,1961,,,,,,,,,,,,,,,,,,,,,,,8517711.0,34.9156837463379,
UZB,Uzbekistan,1962,,,,,,,,,,,,,,,,,,,,,,,8854368.0,35.1426849365234,
UZB,Uzbekistan,1963,,,,,,,,,,,,,,,,,,,,,,,9202246.0,35.2697563171387,
UZB,Uzbekistan,1964,,,,,,,,,,,,,,,,,,,,,,,9557611.0,35.3549880981445,
UZB,Uzbekistan,1965,,,,,,,,,,,,,,,,,,,,,,,9921681.0,35.5234489440918,
UZB,Uzbekistan,1966,,,,,,,,,,,,,,,,,,,,,,,10289294.0,35.6946983337402,
UZB,Uzbekistan,1967,,,,,,,,,,,,,,,,,,,,,,,10659180.0,36.0253791809082,
UZB,Uzbekistan,1968,,,,,,,,,,,,,,,,,,,,,,,11032155.0,36.4272994995117,
UZB,Uzbekistan,1969,,,,,,,,,,,,,,,,,,,,,,,11403150.0,36.5718383789062,
UZB,Uzbekistan,1970,,,,,,,,,,,,,,,,,,,,,,,11762638.0,36.6462058604539,
UZB,Uzbekistan,1971,,,,,,,,,,,,,,,,,,,,,,,12111511.0,36.6894645690918,
UZB,Uzbekistan,1972,,,,,,,,,,,,,,,,,,,,,,,12465106.0,37.1027870178223,
UZB,Uzbekistan,1973,,,,,,,,,,,,,,,,,,,,,,,12831047.0,37.6776351928711,
UZB,Uzbekistan,1974,,,,,,,,,,,,,,,,,,,,,,,13209011.0,38.182918548584,
UZB,Uzbekistan,1975,,,,,,,,,,,,,,,,,,,,,,,13598521.0,38.7408142089844,
UZB,Uzbekistan,1976,,,,,,,,,,,,,,,,,,,,,,,13998620.0,39.2719879150391,
UZB,Uzbekistan,1977,,,,,,,,,,,,,,,,,,,,,,,14408822.0,39.730224609375,
UZB,Uzbekistan,1978,,,,,,,,,,,,,,,,,,,,,,,14816349.0,40.6479721069336,
UZB,Uzbekistan,1979,,,,,,,,,,,,,,,,,,,,,,,15215587.0,40.916002252995,
UZB,Uzbekistan,1980,,,,,,,,,,,,,,,,,,,,,,,15619936.0,41.0747337341309,
UZB,Uzbekistan,1981,,,,,,,,,,,,,,,,,,,,,,,16035032.0,41.172046661377,
UZB,Uzbekistan,1982,,,,,,,,,,,,,,,,,,,,,,,16462736.0,41.1765747070312,
UZB,Uzbekistan,1983,,,,,,,,,,,,,,,,,,,,,,,16908400.0,41.192699432373,
UZB,Uzbekistan,1984,,,,,,,,,,,,,,,,,,,,,,,17378846.0,40.9839630126953,
UZB,Uzbekistan,1985,,47.939,,,5.431,5.431,,,5.431,0.0,0.0,466.061,26072.84,311.379,17.305,121.316,,,,,,,17875339.0,40.627758026123,
UZB,Uzbekistan,1986,,52.171,,,4.618,4.618,,,4.618,0.0,0.0,457.333,24860.992,300.173,19.591,123.913,,,,,,,18395621.0,40.541561126709,
UZB,Uzbekistan,1987,,54.755,,,6.771,6.771,,,6.771,0.0,0.0,476.599,25176.807,314.294,16.326,125.959,28089418035.343,1483.85177843204,7849295478.55387,,11419752027.3812,8473761935.66688,18930070.0,40.6414642333984,
UZB,Uzbekistan,1988,,50.59,,,7.164,7.164,,,7.164,0.0,0.0,479.795,24654.627,309.874,17.958,130.779,30656392613.1159,1575.30319486655,7849295478.55387,,11764259903.356,9305908504.37982,19460630.0,40.8027572631836,
UZB,Uzbekistan,1989,,55.874,,,5.502,5.502,,,5.502,0.0,0.0,496.505,24853.578,327.534,20.244,132.457,31604071830.3343,1582.00842582932,8464969767.26652,,11724461159.8814,8984258879.86012,19977183.0,40.6152409047433,
UZB,Uzbekistan,1990,,56.325,,,6.648,6.648,,,6.648,0.0,0.0,519.68,25393.666,348.639,21.223,130.16,32109736981.4644,1569.01079980159,8599579556.04665,,10744417095.1277,9506939522.43183,20464956.0,40.7715937023416,9.38837106080781
UZB,Uzbekistan,1991,,54.165,,,6.031,6.031,,,6.031,0.0,0.0,512.175,24432.426,351.374,19.421,123.546,31951757073.8577,1524.20427668953,8947505408.53719,,10081519270.6225,9717717495.3118,20962910.0,41.0845226123885,9.36398043016708
UZB,Uzbekistan,1992,,50.911,,,6.281,6.281,,,6.281,0.0,0.0,485.564,22600.035,353.134,15.281,98.576,28373160282.4433,1320.59769274614,7252916927.78791,,9536397777.80725,9089038682.44152,21485090.0,41.5298766018746,9.36929150871128
UZB,Uzbekistan,1993,,49.149,,,7.358,7.358,,,7.358,0.0,0.0,506.128,23018.412,384.915,12.43,87.025,27720577594.7016,1260.7164965865,6796164105.54122,,9342671231.89731,9225374260.91092,21987955.0,42.0894314135234,9.07037783067814
UZB,Uzbekistan,1994,,47.8,,,7.156,7.156,,,7.156,0.0,0.0,500.608,22285.578,391.095,12.554,75.798,26279107561.6989,1169.86899033178,6048022788.53381,,9050857564.94451,8911711535.32608,22463291.0,42.7449627900584,9.07112970711297
UZB,Uzbekistan,1995,,47.453,,,6.188,6.188,,,6.188,0.0,0.0,506.948,22120.496,400.815,10.374,77.462,26042595592.2084,1136.35843596848,5736452868.87809,,9004770784.40886,9089945766.78312,22917589.0,43.4782464742032,8.73074410469306
UZB,Uzbekistan,1996,,45.419,,,6.525,6.525,,,6.525,0.0,0.0,522.136,22359.395,417.34,9.692,75.81,26485319718.0734,1134.17871135102,5819587178.45287,,9435948876.51181,8571818858.70832,23351981.0,44.2710582086815,8.9411920121535
UZB,Uzbekistan,1997,,46.054,,,5.777,5.777,,,5.777,0.0,0.0,518.003,21802.441,409.351,9.629,81.941,27862556342.5032,1172.71784381569,5974277914.19114,,9937762384.73545,9068984352.05087,23758960.0,45.1051737362168,8.70282711599427
UZB,Uzbekistan,1998,,45.9,,,5.758,5.758,,,5.758,0.0,0.0,518.166,21469.545,410.987,9.655,80.497,29060646265.527,1204.09081234616,6112616140.97632,,10483645571.609,9440812711.14647,24134929.0,45.9623687995325,9.03885925764668
UZB,Uzbekistan,1999,,45.372,,,5.692,5.692,,,5.692,0.0,0.0,581.169,23744.443,476.245,9.652,78.441,30310254055.466,1238.36591553108,6241177021.93848,,10992578222.2906,9960057410.59551,24476008.0,46.8244191413524,9.24158603513257
UZB,Uzbekistan,2000,48.14,46.86,1942.143,43.33,3.53,3.53,1.91,36.71,3.53,0.0,0.0,594.814,23996.973,486.736,11.004,79.69,31472652298.5356,1269.72137546219,6352141203.26481,,11588569839.8108,10274695622.9425,24787054.0,47.6731005044,9.2505654901626
UZB,Uzbekistan,2001,48.45,47.96,1931.026,43.6,4.36,4.36,1.96,36.89,4.36,0.0,0.0,596.154,23760.346,490.586,9.224,78.667,32783122633.228,1306.60633175114,6536077694.41588,,12181182758.7394,10699856984.5382,25090283.0,48.4901886313987,15.3443566379616
UZB,Uzbekistan,2002,49.32,49.4,1941.733,43.38,6.02,6.02,2.02,36.71,6.02,0.0,0.0,611.154,24061.184,505.216,9.823,78.059,34085756140.1454,1341.95995981671,6758304736.23826,,12582477087.7504,11341605186.4381,25399980.0,49.2574592650723,16.4159766787457
UZB,Uzbekistan,2003,48.73,48.74,1895.278,40.57,8.17,8.17,1.99,34.4,8.17,0.0,0.0,553.156,21514.145,455.455,7.662,69.289,35528479187.7393,1381.8257280882,6973014055.50478,,12986334590.0435,12113312121.0449,25711259.0,49.9566881481443,17.6254564851668
UZB,Uzbekistan,2004,49.45,49.7,1899.779,43.6,6.1,6.1,2.03,37.67,6.1,0.0,0.0,555.847,21354.619,460.171,10.354,66.61,38174995817.5933,1466.6134889113,7383282020.15368,,13941091104.0025,13122875173.0701,26029350.0,50.5696510233382,18.3202881345701
UZB,Uzbekistan,2005,47.39,47.67,1798.006,38.74,8.93,8.93,1.95,33.63,8.93,0.0,0.0,561.662,21309.803,469.219,9.831,62.924,40828160773.8708,1549.04577531643,7776139095.96012,,14995018195.4826,13890931806.1344,26356975.0,51.0781236333777,16.8928983530893
UZB,Uzbekistan,2006,48.9,49.32,1831.526,44.67,4.65,4.65,2.02,39.76,4.65,0.0,0.0,524.789,19655.74,433.029,10.694,64.422,43870437889.2749,1643.14645619601,8388751597.46893,,16162503792.5796,14878580588.4587,26699043.0,51.4638817209862,13.4182650436473
UZB,Uzbekistan,2007,50.01,49.02,1847.022,44.35,4.67,4.67,2.0,40.3,4.67,0.0,0.0,557.525,20591.121,468.353,9.21,61.704,48026286798.048,1773.75803693248,9092932537.77933,,18183181588.0243,15839081545.3149,27076008.0,51.7087010288873,13.3827100038767
UZB,Uzbekistan,2008,50.32,50.22,1830.166,45.73,4.49,4.49,2.05,42.2,4.49,0.0,0.0,523.316,19033.287,441.306,11.631,58.054,52362657563.9371,1904.45855506712,9685244221.96,,20426623710.0736,16586190311.4804,27494774.0,51.7943572998047,14.7337608028994
UZB,Uzbekistan,2009,50.05,50.1,1791.381,43.62,6.48,6.48,2.05,40.53,6.48,0.0,0.0,524.191,18761.748,440.729,11.073,54.283,56578340212.8329,2025.04298646098,10643025491.9607,,21811252757.4505,17551986684.7464,27939328.0,51.6105041503906,15.3044727860607
UZB,Uzbekistan,2010,50.8,51.97,1789.646,43.78,8.19,8.19,2.12,40.9,8.19,0.0,0.0,525.662,18518.672,440.44,9.231,53.253,60876691748.3487,2144.6400056546,13417593844.3062,7474485237.7209,23067551756.8253,18546095504.0699,28385506.0,51.3321647644043,17.2833092833093
UZB,Uzbekistan,2011,52.07,52.8,1806.531,47.1,5.7,5.7,2.15,44.4,5.7,0.0,0.0,549.961,19080.512,473.564,9.882,50.732,65457747965.3909,2271.00936223002,14115486808.3335,8082285330.30415,25380041425.2143,19673440788.7354,28823196.0,51.3395500183105,16.6900234830695
UZB,Uzbekistan,2012,52.33,53.0,1788.332,46.35,6.65,6.65,2.16,43.8,6.65,0.0,0.0,543.457,18572.168,462.385,13.372,50.275,70106848438.9456,2395.84036755728,15192810403.6658,8588431120.56065,27349339653.5622,21043296886.2591,29261903.0,51.3359680175781,16.3377626990859
UZB,Uzbekistan,2013,53.73,54.61,1807.626,48.91,5.7,5.7,2.23,46.4,5.7,0.0,0.0,545.587,18355.062,461.519,19.969,47.01,75222229947.9017,2530.68447898703,16687288789.7663,9658900639.13061,29201169518.8629,22398348107.9657,29724065.0,51.1276969909668,16.7739575713241
UZB,Uzbekistan,2014,54.97,55.75,1818.814,49.68,6.07,6.07,2.3,47.18,6.07,0.0,0.0,566.169,18733.039,485.485,18.376,45.551,80392884506.0999,2659.99075095273,17925553344.5919,10427457403.5118,31362860681.4072,23738588344.6761,30222994.0,50.8868713378906,16.4912217778814
UZB,Uzbekistan,2015,56.12,57.41,1825.079,50.59,6.82,6.82,1.94,48.5,6.82,0.0,0.0,540.155,17566.381,463.444,14.785,45.713,86196264755.3105,2803.19018021751,19411796035.2944,11041283755.8004,33751908600.333,25187167939.3756,30749346.0,50.6597328186035,15.707517592141
UZB,Uzbekistan,2016,57.21,58.71,1828.697,51.85,6.86,6.86,1.99,49.71,6.86,0.0,0.0,520.732,16645.014,433.269,17.465,51.622,91309557164.505,2918.67725852903,20548407802.5926,11778835169.7741,35729284777.6801,26740729491.292,31284568.0,50.6572189331055,15.5014731679071
UZB,Uzbekistan,2017,60.2,60.84,1891.941,52.9,7.94,7.94,2.09,50.65,7.93,0.01,0.0,537.744,16899.996,447.821,16.492,52.311,95322862968.5109,2995.76761437743,21656145121.6399,12275474864.2026,37858760524.8583,27048713572.3715,31819178.0,50.6787376403809,16.1624465636304
UZB,Uzbekistan,2018,62.76,63.15,1938.623,57.24,5.91,5.91,2.35,54.43,5.9,0.01,0.0,539.008,16649.682,443.976,23.624,55.787,100622047495.601,3108.1618786112,24024389016.4664,13181063951.8771,39949374965.0678,27120696484.0957,32373490.0,50.5814971923828,7.67298397354363
UZB,Uzbekistan,2019,64.87,63.56,1967.863,57.09,6.47,6.47,3.82,52.56,6.46,0.01,0.0,543.371,16483.426,445.982,20.913,59.384,107444145839.577,3259.36964632494,26267862214.8397,14060996338.2363,43033898867.8311,27954843423.3879,32964701.0,50.5920104980469,7.40268530323779
UZB,Uzbekistan,2020,69.05,66.53,2055.893,61.52,5.01,5.01,5.2,55.84,5.0,0.01,0.0,539.818,16072.522,436.257,28.659,61.754,109123866128.148,3249.05191094018,27180692967.7487,15193095459.7562,42701792695.5403,28752686259.3648,33586372.0,50.7670402526855,15.0
UZB,Uzbekistan,2021,75.03,71.44,2191.06,66.42,5.02,5.02,4.96,60.06,4.97,0.05,0.0,575.917,16818.205,474.28,25.811,62.585,117891622986.822,3442.7248445034,29389206521.078,16486034593.5972,47359856556.8084,29889721845.544,34243696.0,50.9269905090332,3.35187702310721
UZB,Uzbekistan,2022,77.4,75.07,2215.292,68.15,6.92,6.92,5.64,61.03,6.48,0.44,0.0,592.522,16958.777,482.249,29.677,65.608,124966702851.263,3576.71552716054,31025933436.317,17334192642.5901,51650773748.1772,30968022099.0795,34938955.0,50.9847412109375,4.54967752359666
UZB,Uzbekistan,2023,79.73,76.8,2236.321,69.2,7.6,7.6,5.7,62.0,6.6,0.45,0.55,600.413,16840.781,469.264,45.164,66.173,132828878427.532,3725.67414578619,33090749501.3792,18609155324.3543,55295157613.2613,32224266819.5325,35652307.0,50.9964841114568,4.92546550425143
UZB,Uzbekistan,2024,84.43,81.5,2321.938,68.5,13.0,13.0,5.7,61.3,8.2,2.9,1.9,695.576,19129.268,545.955,49.289,66.607,141462755525.291,3890.41593075015,35486626593.0503,20049196585.9471,59546865800.7854,33227794912.0542,36361859.0,50.9986686706543,
UZB,Uzbekistan,2025,89.63,86.7,2418.939,69.9,16.8,16.8,5.7,62.7,6.3,6.5,4.0,,,,,,,,,,,,,,
