year,uzstat_292,uzstat_293,uzstat_298,uzstat_301,uzstat_304,uzstat_306,uzstat_308,uzstat_309,uzstat_313,uzstat_314,uzstat_316,uzstat_317,uzstat_318,uzstat_321,uzstat_322,uzstat_325,uzstat_327,uzstat_331,uzstat_333,uzstat_334,uzstat_336,uzstat_338,uzstat_340,uzstat_342,uzstat_345,uzstat_349,uzstat_352,uzstat_355,uzstat_360,uzstat_363,uzstat_365,uzstat_366,uzstat_372,uzstat_373,uzstat_376,uzstat_379,uzstat_380,uzstat_386,uzstat_395,uzstat_399,uzstat_404,uzstat_408,uzstat_410,uzstat_443,uzstat_446,uzstat_449,uzstat_457,uzstat_458,uzstat_460,uzstat_463,uzstat_467,uzstat_474,uzstat_487,uzstat_498,uzstat_507,uzstat_508,uzstat_510,uzstat_514,uzstat_516,uzstat_517,uzstat_523,uzstat_525,uzstat_528,uzstat_536,uzstat_538,uzstat_543,uzstat_545,uzstat_549,uzstat_550,uzstat_558,uzstat_559,uzstat_560,uzstat_563,uzstat_565,uzstat_568,uzstat_573,uzstat_579,uzstat_585,uzstat_588,uzstat_592,uzstat_594,uzstat_596,uzstat_603,uzstat_606,uzstat_612,uzstat_614,uzstat_618,uzstat_619,uzstat_622,uzstat_624,uzstat_634,uzstat_644,uzstat_645,uzstat_646,uzstat_648,uzstat_666,uzstat_668,uzstat_671,uzstat_673,uzstat_675,uzstat_677,uzstat_679,uzstat_682,uzstat_683,uzstat_685,uzstat_686,uzstat_1143,uzstat_1151,uzstat_1203,uzstat_1261,uzstat_1262,uzstat_1263,uzstat_1264,uzstat_1265,uzstat_1266,uzstat_1267,uzstat_1272,uzstat_1294,uzstat_1295,uzstat_1297,uzstat_1298,uzstat_1302,uzstat_1303,uzstat_1317,uzstat_1340,uzstat_1341,uzstat_1342,uzstat_1577,uzstat_1578,uzstat_2676,uzstat_2677,uzstat_2678,uzstat_2679,uzstat_2680,uzstat_2681,uzstat_2682,uzstat_2683,uzstat_2685,uzstat_2686,uzstat_2688,uzstat_2689,uzstat_2690,uzstat_2691,uzstat_2692,uzstat_2833,uzstat_3003,uzstat_3098,uzstat_3099,uzstat_3100,uzstat_3101,uzstat_3102,uzstat_3103,uzstat_3167,uzstat_3168,uzstat_3169,uzstat_3170,uzstat_3171,uzstat_3172,uzstat_3177,uzstat_3178,uzstat_3179,uzstat_3180,uzstat_3263,uzstat_3264,uzstat_3265,uzstat_3266,uzstat_3267,uzstat_3268,uzstat_3270,uzstat_3271,uzstat_3272,uzstat_3273,uzstat_3274,uzstat_3275,uzstat_3276,uzstat_3277,uzstat_3278,uzstat_3279,uzstat_3281,uzstat_3282,uzstat_3283,uzstat_3284,uzstat_3438
2000,,1.9,,0.7,31.1,,15.4,,1.3,,,0.8,7.5,,0.1,37.6,0.0,3.8,0.5,,24.7,16.7,2.1,51.4,0.04,0.8,,7068.0,,4587.0,,6731.0,,77.5,,10.3,,25.9,673.8,31.2,1387.1,1096.9,,,,,,,,,,,120.1,15.2,54.6,,,,,804.6,,42.4,,15.0,,,,,3.9,,,30.9,0.9,,,2.2,,,,0.3,0.3,,,,,1.5,3595.9,,125.7,,14.6,61.0,92.4,77.1,30.6,29.5,73.0,30.9,13.2,13.0,0.2,3.5,2.6,6.1,138.9,408.5,,,0.7,0.4,,,,,,,,180.8,168.6,153.8,127.2,,,,22.9,68.8,7.5,170.2,160.9,,,,,,,,,,,,,,,,,128.2,,,,,,,,,,,,,,,,,,,,,,,,,,,,,,,,,,,,,
2001,,2.1,,0.4,35.8,,11.0,,1.0,,,0.7,5.9,,0.1,38.8,0.0,3.2,0.4,,25.5,13.4,1.7,54.9,0.5,0.4,,6821.0,,4411.0,,6580.0,,89.1,,10.7,,25.8,678.4,31.5,1185.7,862.5,,,,,,,,,,,96.4,8.7,55.6,,,,,763.2,,41.5,,15.7,,,,,3.7,,,31.8,1.0,,,2.2,,,,0.3,0.3,,,,,1.1,3475.9,,141.9,,15.0,63.0,91.9,61.7,31.1,36.1,74.4,32.2,13.4,13.2,0.2,3.9,2.4,6.3,137.2,423.7,,,0.4,1.2,,,,,,,,155.6,150.7,114.5,132.6,,,,26.8,53.9,2.7,144.0,142.2,,,,,,,,,,,,,,,,,126.6,,,,,,,,,,,,,,,,,,,,,,,,,,,,,,,,,,,,,
2002,,1.7,,0.4,34.2,,10.0,,0.8,,,0.7,5.7,,0.1,42.3,0.0,2.5,0.3,,25.9,12.4,1.2,56.9,0.5,0.3,,6761.0,,4483.0,,6410.0,,60.3,,11.2,,29.1,685.1,31.1,1139.6,594.2,,,,,,,,,,,126.4,9.5,59.9,,,,,733.8,,44.0,,18.4,,,,,3.9,,,33.2,1.0,,,2.0,,,,0.3,0.2,,,,,0.8,3419.2,,136.4,,14.9,61.8,79.7,49.4,32.4,36.1,74.9,32.6,13.2,13.0,0.2,4.0,2.4,6.4,116.6,406.5,,,0.4,1.4,,,,,,,,168.8,174.5,159.5,149.8,,,,20.5,85.4,5.2,136.7,148.0,,,,,,,,,,,,,,,,,121.6,,,,,,,,,,,,,,,,,,,,,,,,,,,,,,,,,,,,,
2003,,1.4,,0.4,34.9,,10.4,,0.7,,,0.8,5.5,,0.1,41.5,0.0,2.9,0.3,,23.7,13.8,0.7,58.1,0.3,0.2,,6880.0,,4413.0,,6276.0,,49.0,,12.0,,27.7,716.6,28.8,981.6,643.8,,,,,,,,,,,95.3,6.0,63.1,,,,,707.6,,45.1,,18.9,,,,,4.0,,,36.3,0.8,,,2.1,,,,0.2,0.2,,,,,0.8,3375.4,,114.3,,15.3,66.3,64.0,36.3,34.5,36.1,73.4,31.1,13.3,13.1,0.2,4.0,2.2,6.2,115.4,394.8,,,0.4,1.4,,,,,,,,120.86,142.46,121.05,124.54,,,,20.1,92.2,4.4,127.1,129.9,,,,,,,,,,,,,,,,,103.8,,,,,,,,,,,,,,,,,,,,,,,,,,,,,,,,,,,,,
2004,,1.1,,0.3,32.0,,9.8,,0.6,,,0.9,5.9,,0.1,46.4,0.0,2.6,0.2,,17.8,13.0,0.5,65.6,0.2,0.1,,6716.0,,4310.0,,5995.0,,50.8,,14.7,,28.1,756.4,37.4,801.0,674.4,,,,,,,,,,,117.3,5.7,64.7,,,,,716.3,,45.3,,18.0,,,,,4.5,,,40.0,0.7,,,2.0,,,,0.2,0.1,,,,,0.9,3477.3,,95.6,,15.3,67.8,50.4,22.8,35.6,36.1,69.8,27.7,13.3,13.1,0.2,4.0,2.1,6.1,122.0,368.6,,,0.3,1.1,,,,,,,,146.92,129.27,100.14,110.3,,,,21.4,98.0,12.3,126.5,129.6,,,,,,,,,,,,,,,,,103.65,,,,,,,,,,,,,,,,,,,,,,,,,,,,,,,,,,,,,
2005,,0.8,,0.2,28.4,,7.8,,0.5,,,1.2,5.4,,0.1,51.1,1.6,2.6,0.1,,13.7,10.3,0.3,72.5,0.2,0.3,,6682.0,,4265.0,,6050.0,,55.7,,15.5,,29.2,753.7,35.1,764.8,704.1,,,,,,,,,,,97.8,6.2,68.9,,,,,755.9,,45.8,,18.1,,,,,4.6,,,46.2,0.6,,,2.1,,,,0.2,0.1,,,,,0.9,3962.4,,89.9,,15.1,71.5,43.3,16.8,36.9,36.1,62.3,20.8,13.5,13.3,0.2,4.0,2.2,6.2,112.4,339.6,,,0.2,1.3,,,,,,,,118.32,137.94,107.14,103.32,,,,19.9,62.2,6.8,128.1,125.6,,,,,,,,,,,,,,,,,107.76,,,,,,,,,,,,,,,,,,,,,,,,,,,,,,,,,,,,,
2006,,0.7,,0.1,22.6,,6.8,,0.4,,,1.8,4.9,,0.1,58.2,1.8,2.1,0.1,,10.4,7.6,0.2,79.0,0.3,0.3,,6735.0,,4312.0,,6119.0,,61.9,,16.0,,23.1,707.7,35.6,677.2,828.0,,,,,,,,,,,77.1,6.6,73.4,,,,,812.8,,50.0,,19.3,,,,,4.7,,,49.8,0.5,,,2.1,,,,0.2,0.1,,,,,1.0,4188.5,,69.0,,12.1,73.0,46.3,16.6,38.0,36.1,51.6,10.0,13.1,13.0,0.1,4.0,1.7,5.7,129.6,268.4,,,0.1,1.3,,,,,,,,105.66,105.69,96.53,101.3,,,,19.1,69.7,3.2,124.0,130.2,,,,,,,,,,,,,,,,,106.78,,,,,,,,,,,,,,,,,,,,,,,,,,,,,,,,,,,,,
2007,,0.5,,0.1,17.1,,4.9,,0.3,,,2.3,4.0,,0.1,66.3,1.9,1.3,0.04,,6.5,5.1,0.1,86.6,0.2,0.2,,6767.0,,4344.0,,6146.0,,74.1,,16.3,,23.7,761.8,36.0,615.1,903.6,,,,,,,,,,,76.7,6.7,78.8,,,,,879.3,,58.0,,21.6,,,,,5.4,,,56.9,0.5,,,2.3,,,,0.2,0.1,,,,,1.4,4652.4,,70.5,,11.5,76.1,46.9,14.3,39.0,36.1,49.2,7.5,13.4,13.3,0.1,4.2,1.8,6.1,114.2,220.6,,,0.1,1.2,,,,,,,,115.23,111.15,108.77,99.47,,,,20.9,110.9,12.9,110.9,114.1,,,,,,,,,,,,,,,,,106.84,,,,,,,,,,,,,,,,,,,,,,,,,,,,,,,,,,,,,
2008,,0.5,,0.0,14.0,,3.9,,0.3,,,2.6,3.5,,0.1,71.2,1.7,1.2,0.02,,3.8,3.9,0.1,89.8,1.1,0.1,,6778.0,,4369.0,,6160.0,,82.3,,16.7,,23.3,817.4,36.3,584.4,958.2,,,,,,,,,,,84.0,6.0,83.8,,,,,950.4,,62.8,,23.4,,,,,5.6,,,64.8,0.5,,,2.5,,,,0.2,0.1,,,,,1.5,5264.7,,73.4,,13.0,76.4,41.5,8.5,39.3,36.1,49.0,7.4,13.7,13.6,0.1,4.2,1.7,5.9,114.2,212.5,,,0.0,1.8,,,,,,,,168.75,149.11,96.2,102.61,,,,24.5,113.5,14.7,107.7,109.1,,,,,,,,,,,,,,,,,107.84,,,,,,,,,,,,,,,,,,,,,,,,,,,,,,,,,,,,,
2009,,0.3,,0.0,12.3,,3.4,,0.2,,,2.5,3.6,,0.1,72.0,1.8,1.2,0.02,,2.3,3.1,0.1,89.9,3.3,0.1,,6579.0,,4099.0,,5881.0,,89.5,,16.2,,23.9,866.2,32.7,517.7,1170.1,,,,,,,,,,,102.9,15.9,77.8,,,,,1078.0,,65.6,,24.2,,,,,4.9,,,70.3,0.5,,,2.6,,,,0.1,0.04,,,,,1.5,5654.5,,68.0,,14.1,53.0,33.1,5.0,30.3,36.1,49.1,7.4,13.7,13.6,0.1,4.2,1.7,5.9,108.5,128.7,,,0.0,3.3,,,,,,,,103.8,122.06,108.3,105.8,,,,25.4,115.6,12.3,129.5,124.7,,,,,,,,,,,,,,,,,107.37,,,,,,,,,,,,,,,,,,,,,,,,,,,,,,,,,,,,,
2010,99.84,0.3,99.9,2080.2,11.2,99.82,3.1,99.9,0.2,99.9,99.9,2.5,3.9,62631.6,0.1,70.6,2.2,1.4,0.03,132.9,2.4,3.0,0.03,88.6,4.6,0.0,80.4,6537.0,78.5,4095.0,1.9,5783.0,19.6,89.9,10762.5,14.2,1792.9,24.2,894.6,33.9,518.9,1107.5,58229.4,123.6,,2.9,5.9,,9.4,18.3,63.6,2017.9,168.0,29.5,60.4,25.9,2019.5,74.1,1413.8,763.1,24.3,56.9,25.3,22.3,16.9,132.0,99.0,19.0,5.8,37.0,12.0,83.8,0.5,75.0,145.0,2.9,21.0,91.4,12555.4,0.1,0.02,60.5,73.4,97.7,89.4,1.9,4072.0,92.9,65.6,0.295,14.5,53.7,25.8,1.6,28.9,36.1,49.7,7.7,14.3,14.2,0.1,4.2,2.1,6.3,108.5,38.0,11687.9,8685.4,0.0,5.4,25.2,1923.7,26.7,37.5,55.7,11.4,,122.3,116.4,110.2,110.6,113.1,113.7,8.5,20.9,23.5,2.3,116.4,115.6,1127.9,339.0,1.0,287.2,65958.5,52794.3,3629.4,2644.5,2243.3,11449.3,2.08,0.14,1.88,0.03,0.02,,107.34,,,,,,,50807.7,1.8,18117.7,199.0,8607.4,1207.9,,,,,,,,,,,,,,,,,,,,,,,,,
2011,99.9,1.0,99.9,2653.0,13.3,99.9,2.6,99.9,0.2,99.9,99.9,2.5,3.8,85933.5,0.1,65.3,3.5,1.3,0.02,137.2,2.0,2.6,0.2,86.7,7.2,0.0,80.7,6427.0,78.9,3997.0,1.8,5605.0,19.3,94.0,10758.2,14.1,1787.9,25.6,920.7,31.8,459.2,1098.6,80094.6,127.9,,3.2,6.8,,11.5,19.9,58.6,1901.6,162.5,30.7,62.6,26.8,1835.6,73.2,1323.2,827.5,25.0,59.2,25.1,22.5,15.9,133.0,100.0,20.0,6.2,38.0,16.0,92.4,0.5,77.0,158.0,3.0,24.0,96.3,12546.1,0.1,0.02,74.3,83.4,99.4,94.2,2.1,4507.8,96.4,63.9,0.289,14.9,59.9,15.3,0.7,30.1,36.1,44.2,2.2,14.3,14.2,0.1,4.3,1.7,6.0,94.6,38.0,13248.8,10783.1,0.0,7.2,28.6,2416.9,39.2,62.8,89.1,16.4,,128.3,127.1,106.9,106.7,116.3,114.1,8.2,18.9,1.8,2.4,120.4,119.6,1052.0,280.8,0.9,252.1,63040.9,54571.9,3844.8,2831.1,2412.4,11667.3,1.92,0.13,1.75,0.04,0.02,,107.64,,,,,,,52072.2,1.8,18988.0,219.4,8780.4,1191.5,,,,,,,,,,,,,,,,,,,,,,,,,
2012,100.0,1.1,100.0,3219.3,16.7,100.0,2.3,100.0,0.2,99.9,100.0,2.0,3.8,104263.0,0.1,60.4,4.0,1.4,0.02,121.3,2.1,2.2,0.2,82.8,11.3,0.0,78.9,6327.0,77.1,3931.0,1.8,5491.0,21.1,95.1,10758.7,14.4,1822.2,27.5,945.2,32.2,412.7,1298.3,97296.6,113.2,,3.1,6.7,,11.5,19.8,58.9,1571.7,121.9,24.0,66.4,27.6,1765.4,72.4,1237.2,858.7,24.8,61.5,25.3,22.7,15.5,136.0,100.0,27.0,7.0,45.0,22.0,100.2,0.4,78.0,186.0,3.4,27.0,97.0,12580.9,0.1,0.01,85.4,91.5,99.0,95.9,2.5,4763.0,97.5,65.5,0.289,15.9,64.5,14.9,0.3,33.0,36.1,44.3,2.3,14.3,14.2,0.1,4.2,1.6,5.8,82.5,38.0,11243.2,12080.1,0.0,8.6,30.2,2921.8,45.6,86.8,116.5,18.4,,117.8,118.7,116.6,114.0,110.8,112.8,8.0,19.2,10.2,1.3,110.8,114.5,1009.3,258.2,0.8,255.2,61531.0,47343.1,3752.9,3831.0,2647.6,12194.1,1.84,0.11,1.68,0.03,0.02,,107.0,,,,,,,52329.6,1.8,19099.2,188.8,8317.2,1214.4,,,,,,,,,,,,,,,,,,,,,,,,,
2013,99.99,1.2,100.0,3749.8,15.2,100.0,2.0,100.0,0.1,100.0,100.0,1.4,3.8,126268.0,0.1,59.7,5.0,1.3,0.02,121.1,1.8,1.9,0.2,79.3,15.5,0.0,78.3,6241.0,76.1,3832.0,2.2,5352.0,21.7,97.3,11281.0,14.4,1822.0,32.8,982.4,30.5,391.5,1311.9,118029.5,113.2,,3.2,6.7,,12.5,19.3,58.3,1279.8,116.3,22.0,65.8,27.7,1887.4,72.3,1164.3,930.0,24.8,63.7,25.6,22.9,15.6,146.0,100.0,29.0,7.2,51.0,32.0,106.9,0.4,78.0,210.0,3.7,35.0,94.5,13103.0,0.1,0.01,83.9,89.4,98.8,96.0,2.4,4909.9,97.5,59.2,0.288,17.4,65.0,14.7,0.4,31.5,36.1,44.2,2.2,14.3,14.2,0.1,4.2,1.6,5.8,82.5,35.6,11379.9,12997.3,0.0,10.8,39.7,3379.5,48.6,115.4,144.8,21.8,,127.9,126.0,112.8,113.0,112.0,112.6,7.9,19.9,8.9,0.2,112.7,111.7,1125.3,235.5,1.5,202.3,58305.4,46318.4,4090.0,5720.9,2821.1,12045.8,1.72,0.1,1.57,0.04,0.02,,106.8,,,,,,,53736.7,1.8,19469.0,201.2,8802.1,1225.3,,,,,,,,,,,,,,,,,,,,,,,,,
2014,99.98,1.3,100.0,4541.3,14.0,99.98,1.9,100.0,0.1,100.0,100.0,1.2,4.4,146392.9,0.1,57.3,5.0,1.2,0.02,115.9,1.7,1.7,0.3,73.0,22.1,0.0,80.3,6072.0,78.4,3801.0,1.9,4970.0,19.6,100.4,11165.0,14.7,1871.0,30.1,1016.9,29.2,373.2,1300.2,137548.5,108.9,,2.4,5.0,,9.6,18.8,64.2,1031.3,125.1,23.0,66.2,26.5,1835.8,73.5,1068.1,1000.4,23.9,65.7,26.5,22.9,15.9,151.0,101.0,30.0,7.0,51.0,37.0,113.2,0.4,78.0,228.0,3.8,41.0,93.0,13036.0,0.1,0.02,80.8,87.2,98.3,94.3,2.3,5169.9,96.4,54.0,0.28,19.1,65.8,14.6,0.9,31.2,36.1,44.0,2.0,14.2,14.1,0.1,4.2,1.5,5.7,89.1,35.6,10515.5,12864.1,0.0,14.0,57.2,4033.6,55.8,138.8,233.9,22.0,,108.3,115.8,114.0,113.8,111.4,111.6,7.8,20.2,3.6,0.3,114.8,113.6,982.1,159.8,0.8,119.1,54161.2,43273.8,4396.8,5264.5,3309.2,12222.5,1.58,0.09,1.43,0.04,0.02,,106.13,,,,,,,54986.5,1.8,20232.3,373.4,8459.1,1194.3,,,,,,,,,,,,,,,,,,,,,,,,,
2015,99.98,1.4,100.0,5181.5,11.1,99.98,1.8,100.0,0.1,100.0,100.0,1.1,4.2,169344.3,0.1,58.3,5.5,1.3,0.02,115.7,0.9,1.6,0.4,72.0,23.7,0.03,84.2,5829.0,82.0,3577.0,2.2,4507.0,15.8,98.1,11335.4,15.0,1880.4,30.1,1123.1,27.1,186.7,1065.0,160485.5,109.6,0.003,2.2,5.5,0.0,9.9,19.1,63.3,1000.1,131.1,24.6,65.8,25.8,1728.0,74.2,1064.0,1070.5,24.9,67.2,25.8,22.9,15.6,152.0,101.0,32.0,6.8,53.0,47.0,120.1,0.4,79.0,234.0,3.8,42.0,94.7,13215.8,0.04,0.02,85.7,90.4,99.4,96.9,2.2,5380.0,98.2,52.3,0.274,20.1,60.0,11.4,0.8,30.0,36.1,44.0,2.0,14.1,14.0,0.1,4.2,1.5,5.7,66.7,35.6,9446.3,11462.5,0.02,15.8,65.0,4595.4,83.4,142.5,261.6,33.6,2136.7,117.6,110.2,112.5,111.3,110.5,110.3,7.0,20.2,3.2,1.5,113.8,113.5,1286.4,156.5,0.8,89.8,54600.5,41524.5,3488.0,4235.6,3451.6,12548.7,1.55,0.09,1.42,0.03,0.02,,105.6,,,,,,,56368.6,1.8,20811.4,341.3,9031.2,1166.3,265.5,466.3,7793.7,18339.7,,,,,,,,,,,,,,,,,,,,,
2016,99.99,1.5,100.0,6306.8,9.7,99.98,1.7,100.0,0.1,100.0,100.0,1.0,3.5,197962.4,0.1,58.8,6.1,1.1,0.02,116.9,0.8,1.5,0.5,70.9,25.2,0.0,85.1,4794.0,82.2,2893.0,2.9,2949.0,14.9,102.6,12221.7,15.9,1880.4,27.0,1128.4,18.2,112.8,959.0,187517.7,110.7,0.3,2.5,5.4,0.0,10.0,19.1,63.0,867.9,132.2,26.5,65.3,26.2,1747.5,73.8,1134.4,1132.5,24.2,67.6,26.6,22.9,16.0,153.0,102.0,34.0,6.7,54.0,49.0,126.0,0.4,80.0,246.0,4.0,43.0,93.9,14102.1,0.01,0.02,83.2,88.8,99.8,96.1,2.1,5560.4,98.0,53.5,0.264,20.5,62.2,2.7,0.8,28.9,36.1,44.0,2.0,13.9,13.8,0.1,4.3,1.5,5.8,0.0,35.6,8974.0,11328.4,0.02,17.0,92.5,5421.5,183.5,187.7,382.6,39.0,2140.4,103.5,108.7,112.6,113.4,111.8,111.7,6.4,20.1,3.3,1.5,113.0,114.8,1008.3,181.5,1.0,93.4,56132.1,43690.3,3867.3,5003.3,5242.3,11195.7,1.57,0.08,1.43,0.03,0.02,6.0,105.7,,,,,,,57605.2,1.8,21035.8,360.7,9502.3,1165.9,347.8,511.5,9022.9,19532.1,,,,,,,,,,,,,,,,,,,,,
2017,99.99,1.5,100.0,8196.7,12.7,99.98,1.4,100.0,0.1,100.0,100.0,1.0,3.3,257361.5,0.1,54.2,3.9,0.9,0.02,130.0,0.6,1.3,1.4,67.6,28.2,0.0,82.1,3869.0,79.2,2312.0,2.9,2198.0,17.9,102.5,12516.4,16.6,1857.5,23.1,1175.5,13.8,217.7,1258.3,235097.7,118.8,0.7,2.0,5.4,0.0,9.5,20.0,63.1,813.6,156.9,26.4,66.9,25.5,1953.0,74.5,1111.9,1146.2,24.4,67.9,26.1,22.9,16.5,154.0,101.0,34.0,7.5,54.0,50.0,130.0,0.5,80.0,257.0,4.3,44.0,94.1,14373.9,0.01,0.01,80.4,87.6,99.1,97.2,2.2,5679.0,98.2,61.6,0.262,21.1,65.1,2.3,0.5,30.2,36.1,44.1,2.0,13.9,13.8,0.1,4.6,1.5,6.1,7.9,35.6,10079.2,12035.2,0.02,21.4,151.6,6946.8,257.3,325.5,468.6,46.9,2150.8,115.3,107.5,124.7,123.9,136.0,119.8,6.2,20.2,0.2,0.0,131.1,117.5,1016.7,184.9,1.0,111.8,56642.2,46065.3,4038.6,4724.6,4040.6,12779.8,1.56,0.09,1.42,0.03,0.02,12.1,114.4,2.3,3.4,0.0,66.3,12.3,1.3,60180.8,1.9,22298.4,325.0,9683.9,1222.2,403.7,498.5,10258.8,20607.8,,,,,,,,,,,,,,,,,,,,,
2018,99.99,1.6,100.0,10332.6,16.1,99.98,1.2,100.0,0.2,100.0,100.0,1.3,2.4,322949.3,0.1,49.0,4.8,0.8,0.01,125.5,0.3,1.1,1.3,66.7,29.8,0.001,79.1,3558.0,76.4,2069.0,2.7,2136.0,20.9,72.8,12276.5,14.7,1914.9,20.0,1136.1,0.0,0.0,833.771,274780.3,106.8,0.2,2.4,5.4,0.0,10.1,19.9,62.2,745.7,123.5,13.1,71.3,25.5,2145.2,74.5,1147.0,1243.0,24.1,68.4,27.6,22.9,15.7,155.0,103.0,35.0,8.8,55.0,52.0,135.3,0.5,81.0,262.0,4.3,44.0,91.1,14191.4,0.03,0.02,81.2,86.4,98.8,96.7,2.6,5951.5,97.8,69.1,0.262,22.1,72.4,4.4,0.5,33.6,36.1,43.9,1.8,13.9,13.8,0.1,4.7,1.5,6.2,12.9,35.6,10920.7,17312.3,0.02,22.9,240.9,8389.1,377.5,666.1,584.1,74.9,2132.3,105.4,112.8,105.8,114.5,117.1,133.8,6.1,26.2,0.0,0.0,139.6,131.8,1080.8,191.5,1.0,143.1,61585.5,48343.1,4174.4,6768.0,4970.9,13593.8,1.66,0.09,1.52,0.04,0.02,40.9,114.3,2.4,5.3,0.0,68.2,9.7,1.1,62502.8,1.9,15007.1,414.8,18053.9,1474.6,438.4,622.2,12668.6,20284.9,,,,,,,,,,,,,,,,,,,,,
2019,99.99,1.6,100.0,10891.7,14.2,99.98,1.4,100.0,0.2,100.0,100.0,1.4,2.9,391389.1,0.1,43.0,8.5,1.0,0.004,121.2,0.2,1.3,1.3,59.9,36.3,0.0003,77.8,3571.0,75.3,2062.0,2.5,2142.0,22.2,70.9,14031.9,15.2,1907.5,12.3,1217.0,0.0,0.0,404.2,341735.0,105.8,0.1,2.5,5.8,15.5,10.6,19.3,61.8,698.7,119.0,10.4,72.6,24.9,2116.7,75.1,1025.1,1319.8,24.2,70.1,26.5,23.4,17.2,160.0,106.0,39.0,11.0,58.0,55.0,140.1,0.6,89.0,282.0,4.4,47.0,91.4,15939.4,0.02,0.02,81.2,86.6,99.1,98.0,3.2,6025.1,98.6,79.2,0.262,22.9,72.0,3.8,0.7,33.2,36.1,43.9,1.8,13.9,13.8,0.1,4.7,1.4,6.2,12.9,35.6,14023.8,21866.5,0.02,26.0,389.2,8624.0,439.3,698.2,617.8,123.2,2198.0,109.5,105.7,101.6,100.0,119.0,114.4,6.1,32.9,0.0,0.0,128.2,143.2,1030.5,156.6,0.5,120.9,60711.9,49711.0,4047.9,5698.6,4970.9,13478.8,1.61,0.09,1.47,0.03,0.02,275.3,115.2,0.3,6.6,4.9,84.2,1.6,0.6,64844.0,1.9,16967.3,414.8,15058.0,2115.0,635.4,725.4,15651.2,22457.7,,,,,,,,,,,,,,,,,,,,,
2020,99.99,1.8,100.0,13852.3,13.7,99.99,1.3,100.0,0.2,100.0,100.0,1.8,2.8,441203.7,0.1,39.2,7.9,0.8,0.003,112.7,0.04,1.1,1.3,55.1,41.7,1e-06,76.9,3756.0,74.9,2103.0,2.0,2229.0,23.1,74.4,14620.4,14.1,2020.6,11.8,1139.9,0.0,0.0,335.741,390687.8,99.8,0.03,3.1,5.5,0.0,10.2,19.5,61.7,739.4,219.0,5.3,66.9,25.7,1291.0,74.3,1018.7,1366.7,23.4,70.6,26.8,23.6,16.9,162.0,107.0,40.0,3.0,60.0,60.0,118.3,0.3,90.0,287.0,1.8,49.0,92.6,16643.0,0.004,0.01,82.7,87.9,98.7,98.8,0.9,5295.9,98.7,38.8,0.276,6.2,57.9,1.2,0.3,26.8,36.1,43.8,1.5,13.7,13.7,0.0,4.7,1.5,6.2,12.9,35.6,13097.3,19932.4,0.01,30.2,708.7,10233.7,650.9,1428.2,741.3,89.5,2163.4,112.0,110.2,100.0,100.9,109.1,111.9,6.9,31.5,0.0,0.0,107.1,114.9,931.5,123.0,0.0,178.0,49768.2,46057.5,4133.1,7988.2,5238.9,15549.5,1.31,0.08,1.18,0.03,0.01,1002.5,111.1,1.2,8.1,5.1,86.1,0.2,0.6,69021.1,2.0,18284.3,1448.0,9202.4,1058.0,739.7,1080.0,17946.5,26437.4,,,,,,,,,,,,,,,,,,,,,
2021,99.99,1.8,100.0,17755.1,12.4,99.99,1.0,100.0,0.2,100.0,100.0,2.1,3.1,550747.3,0.2,38.2,6.3,1.1,0.004,124.8,0.03,0.8,1.3,51.8,45.0,0.0,75.3,3688.0,73.3,2274.0,2.0,2152.0,24.7,96.8,14440.3,13.4,2051.9,7.3,1096.8,0.0,0.0,495.766,496929.8,112.6,49.0,2.6,6.1,1.2,10.7,18.3,62.3,774.1,303.5,9.1,74.8,26.1,1323.9,73.9,1128.2,1420.2,23.5,72.0,26.5,24.6,16.8,170.0,114.0,43.0,5.3,64.0,63.0,137.0,0.7,94.0,308.0,3.1,53.0,95.8,16493.3,0.01,0.01,93.6,94.7,98.8,98.3,3.0,6029.7,98.5,101.8,0.273,7.9,66.2,2.3,0.5,30.8,59.1,43.8,1.5,13.8,13.8,0.0,4.7,1.4,6.1,12.9,35.6,14081.1,23740.4,0.03,34.1,1373.6,11957.3,696.7,2721.5,836.2,169.8,2161.3,104.6,107.7,103.0,102.9,112.4,110.6,6.8,29.2,0.0,0.0,113.0,109.3,798.7,118.0,0.4,307.9,53802.0,51883.9,5056.3,7056.5,7483.9,15461.8,1.39,0.08,1.25,0.04,0.01,5978.7,110.0,1.8,11.7,3.6,78.3,6.6,1.0,74951.7,2.1,18683.3,1566.0,9644.5,1122.3,875.0,1457.5,20991.8,29500.2,,,,,,,,,,,,,,,,,,,,,0.07
2022,99.99,1.7,100.0,24508.1,11.4,99.99,0.8,100.0,0.1,100.0,100.0,2.1,3.1,667418.6,0.2,37.3,6.3,0.9,0.002,121.2,0.02,0.5,1.2,49.8,47.3,0.2,71.7,3688.0,69.6,2274.0,2.1,2207.0,28.3,116.0,15232.3,10.8,2225.2,7.5,510.7,0.0,0.0,505.9,598903.9,108.7,435.8,2.7,6.7,0.0,11.0,18.5,61.1,787.9,322.8,10.2,75.5,25.6,1287.1,74.4,1258.9,1420.9,22.7,73.4,26.3,25.0,17.9,171.0,115.0,45.0,10.9,69.0,64.0,146.5,1.0,95.0,309.0,3.5,55.0,98.7,17658.9,0.01,0.01,96.8,97.8,99.6,98.8,4.1,6245.3,99.2,136.7,0.283,9.0,63.5,2.9,0.5,29.7,59.1,43.9,1.6,13.9,13.9,0.0,4.7,1.4,6.1,12.9,35.6,15275.9,28220.3,0.02,35.9,2516.0,14660.7,833.1,4652.9,1600.8,244.7,2272.0,107.4,102.9,101.7,102.5,110.3,111.8,7.0,26.7,0.0,0.0,117.0,116.8,894.2,180.5,0.02,127.8,51678.4,48563.7,5356.2,8308.8,7175.3,17470.8,1.36,0.06,1.18,0.06,0.02,10886.8,112.3,2.4,10.2,3.2,70.3,5.5,1.2,76543.3,2.1,21324.1,1072.3,6870.3,1401.1,1555.7,1840.3,24017.6,33681.7,,,,,,,,,,,,,,,,,,,,,0.16
2023,99.99,1.7,100.0,39064.4,10.5,99.99,0.7,100.0,0.1,100.0,100.0,2.0,0.0,779085.7,0.0,26.8,6.9,0.0,0.002,116.7,0.01,0.3,1.3,34.2,63.4,0.7,72.9,3535.0,70.1,2123.0,2.8,2388.0,27.1,82.5,16319.4,7.1,3831.9,3.7,135.2,0.0,0.0,413.0,708452.9,106.1,622.4,3.0,6.9,7.2,10.7,18.0,61.4,778.3,226.3,9.3,77.6,25.6,1199.4,74.4,1336.0,1455.7,21.6,73.7,26.7,27.1,18.1,176.0,118.0,47.0,13.8,71.0,66.0,153.5,1.3,96.0,349.0,3.9,57.0,99.2,20400.5,0.01,0.02,98.3,98.7,99.9,99.7,5.3,6483.7,99.8,172.0,0.288,9.6,60.0,3.4,0.7,28.0,68.2,44.0,1.7,14.0,14.0,0.0,4.8,1.3,6.2,12.9,35.6,19229.1,35574.8,0.03,47.9,5866.6,17642.2,1166.1,11873.9,2995.4,424.2489359,2057.6,112.8,112.8,101.5,100.7,108.1,108.0,7.1,29.6,0.0,0.0,114.7,112.5,1188.7,287.4,0.3,164.1,46710.4,47559.9,6519.6,11868.2,7592.3,17839.5,1.29,0.055,1.17,0.05,0.016,13263.8,108.8,4.4,18.6,7.7,82.0,4.7,0.65,80755.7,2.0,24408.3,573.2,9452.4,1285.2,1894.3,2221.2,27087.3,35851.4,,,,,,,,,,,,,,,,,,,,,0.13
2024,99.99,1.6,100.0,56812.1,8.5,99.99,0.6,100.0,0.03,100.0,100.0,1.8,0.0,954252.0,0.0,27.7,7.9,0.0,0.001,122.5,0.01,0.2,1.2,33.9,64.6,0.1,71.4,3516.0,68.7,2082.0,2.7,2587.0,28.6,115.1,15683.9,5.4,3134.2,4.5,93.4,0.0,0.0,483.6,870350.2,111.7,3965.2,3.3,7.9,789.6,11.1,17.8,59.9,713.1,268.9,15.6,80.9,28.4,1188.5,71.6,1311.5,1505.8,21.8,74.0,24.2,27.5,18.3,177.0,121.0,56.0,16.5,82.0,73.0,162.6,2.0,101.0,356.0,4.1,58.0,99.9,21501.4,0.01,0.02,99.3,99.6,99.9,99.8,6.8,6932.7,99.9,270.3,0.286,9.8,61.7,2.9,0.6,28.8,71.2,43.3,1.5,14.2,14.2,0.0,4.8,1.3,6.2,11.5,35.6,19698.4,35289.8,0.01,51.0,7165.5,21025.5,1375.7,22487.5,4067.1,695.8,1900.8,113.0,117.8,101.4,102.5,106.5,107.6,7.1,34.9,0.0,0.4,113.7,117.9,1484.9,377.3,0.0,272.4,41523.7,47057.4,8464.4,10736.4,7635.7,16293.1,1.17,0.053,1.03,0.07,0.019,15211.5,109.8,3.7,26.2,5.2,62.1,5.9,1.4,84185.4,2.2,26151.6,601.0,9530.2,1320.6,2382.0,2932.0,28592.7,38406.0,1521.2,73.9,61.8,14.4,79.5,27.4,28.8,269.1,6872.3,9.8,0.7,2.9,270.3,6.0,162.6,4.1,17.7,10.1,1970.5,17.0,0.14
2025,99.99,,100.0,,,99.98,,100.0,,100.0,100.0,,,1134252.7,,,,,,118.9,,,,,,,70.4,,67.1,,3.3,,29.6,,,,,,,,,,1042415.8,109.2,,3.2,7.7,,11.0,16.7,61.4,,,,,25.7,,74.3,,,20.9,,24.8,,19.6,179.0,124.0,67.0,,85.0,76.0,,,105.0,359.0,,61.0,99.8,,,,98.0,99.0,99.9,99.8,,,99.9,,0.279,,,,,,,,,,,,,,,,,,,,,,,,,,,,102.4,106.9,112.1,109.4,103.1,105.2,7.1,,,,110.1,111.9,,,,,,,,,,,,,,,,,107.3,,,,,,,,,,,,,,,,,1601.0,107.9,58.4,205.2,84.02,28.4,27.26,2269.6,7299.5,10.5,0.64,2.9,286.75,9.65,174.9,4.3,17.5,10.2,2090.5,23.6,
2026,,,,,,,,,,,,,,,,,,,,,,,,,,,,,,,,,,,,,,,,,,,,,,,,,,,,,,,,,,,,,,,,,,,,,,,,,,,,,,,,,,,,,,,,,,,,,,,,,,,,,,,,,,,,,,,,,,,,,,,,,,,,,,,,,,,,,,,,,,,,,,,,,,,,,,,,,,,,,,,,,,,385.7,28.03,15.4,24.3,20.9,8.0,7.1,101.2,1717.1,3.1,0.09,0.7,,2.25,40.7,1.1,2.5,2.6,558.5,5.6,
